comment_id,video_id,author_name,author_channel_id,text,likes,published_at,updated_at,is_reply,parent_id,reply_count,scraped_at
UgwXL4sDH2Xvpuu0FO94AaABAg,J52vmTBpqBs,@dallas5159,,55:1.04:01 ❤‍🔥,0,2026-03-17T23:39:45.050179+00:00,,0,,0,2026-03-17T22:00:36.215412
UgxSEmGRB81uzt5Pqqx4AaABAg,J52vmTBpqBs,@jonathanadodoo4423,,This is particularly interesting for me because I’m currently based in Vietnam and I’m looking to enter the importation business. I have a friend in Ghana who’s connected to retailers with money ready to import goods from Vietnam. Would really love to connect to see what I can do to be of service to your business,0,2026-03-17T19:39:43.810213+00:00,,0,,0,2026-03-17T22:00:36.191620
UgzrmyjDGh-1NiMYdgd4AaABAg,J52vmTBpqBs,@Kotibrim,,"Dude of you made a million dollars,  you won't be on social media!!!",0,2026-03-17T18:39:45.050219+00:00,,0,,0,2026-03-17T22:00:36.217967
UgwWtxPG3_ZH46YCWVR4AaABAg,J52vmTBpqBs,@mariankwaw-yankson9392,,"""Slow is fast."" That's my takeaway. Thank you, Derrick,  for always bringing us great content. God bless you.",0,2026-03-17T11:39:43.171181+00:00,,0,,0,2026-03-17T22:00:36.176454
UgyFdLgBeR4KqxJuGAN4AaABAg,J52vmTBpqBs,@Kinsground,,Why mute if you’re helping other I don’t get it,0,2026-03-17T10:39:45.049938+00:00,,0,,0,2026-03-17T22:00:36.212381
UgwXzzaoCrxFxZf5E_F4AaABAg,xwLrHUwGtJM,@eddywest6028,,ebe the camera quality wey good or ebe Ama wey dey bee cos eii,0,2026-03-17T03:39:58.185811+00:00,,0,,0,2026-03-17T22:00:50.552017
Ugy0JACyv5pDdJS45cd4AaABAg,xwLrHUwGtJM,@Hauweeiy,,Make it to the end 🔥🔥,0,2026-03-17T01:39:53.735263+00:00,,0,,0,2026-03-17T22:00:50.475930
UgwRr_itawtP4HMbSIp4AaABAg,xwLrHUwGtJM,@isaacmensah3883,,The editing is crazyyyyy. Love love love it ❤,0,2026-03-17T01:39:51.486578+00:00,,0,,0,2026-03-17T22:00:50.423853
Ugyp8Kegudo3guRyd_h4AaABAg,J52vmTBpqBs,@lizm2220,,a very good interview,0,2026-03-17T01:39:45.050284+00:00,,0,,0,2026-03-17T22:00:36.219243
UgwEqGdDlGACzaaLBTN4AaABAg,J52vmTBpqBs,@charlesbruce6175,,"All Ghananians, no matter his or her Status in life, have this ""strange"" mentality to live like a ""Lord""(Broni). It became inherent in us. This is the effect of colonisation. So as soon as we get into a Position where he/she comes into contact with money, this ""Lord"" mentality clicks into place. And we tell ourselves ""this is it!"" So he/she takes the opportunity to ""steal"" some of the money to buy the latest clothes, shoes, eat ""good"" food. This happens at every level of any profession. From a factory worker, a messenger in an office, Taxi Driver, Politician, infact every Ghananian. Why do Businesses of ""Rich"" people collapse after their demise. A Kwahu Businessman I knew went everywhere with a Charted Car, he died, and the first thing his Wofasie who inherited him did was to buy the latest Benz on the Market! Also a driver I worked with in a government department, on retirement, had his daughter bought him a Taxi, to take care of himself, within a few months the Car broke down and he had no money to repair it -all because he lived like a Lord/Rich man.",0,2026-03-17T01:39:45.050211+00:00,,0,,0,2026-03-17T22:00:36.217558
Ugy68-RP-oVqZM1wspR4AaABAg,J52vmTBpqBs,@samboafo9329,,Bless you,0,2026-03-17T01:39:44.417980+00:00,,0,,0,2026-03-17T22:00:36.201167
Ugzuxawr3Qo_sFVu1HR4AaABAg,J52vmTBpqBs,@Bigbossfilmworks,,Great show,0,2026-03-17T01:39:43.810262+00:00,,0,,0,2026-03-17T22:00:36.193828
UgzawObP17Qk0Cu00eJ4AaABAg,J52vmTBpqBs,@kazeemogundele9135,,"Thanks for this inspirational conversation. Its funny , my next read is "" Too good they can't you- by Carl Newport"". I have it right in front of me..",0,2026-03-17T01:39:43.810253+00:00,,0,,0,2026-03-17T22:00:36.193312
UgySRWBD55R1r08j6Bh4AaABAg,J52vmTBpqBs,@solventtechnologyartsandfi6613,,I love the best advice; Slow is Fast😅,1,2026-03-17T01:39:43.810203+00:00,,0,,0,2026-03-17T22:00:36.190627
UgxwzauZosYTzpZFQsB4AaABAg,J52vmTBpqBs,@FolasadeOgundeji,,We need to build good and accurate systems   around our businesses,0,2026-03-17T01:39:43.810165+00:00,,0,,0,2026-03-17T22:00:36.190117
Ugy5zb4xGaQFL3gX0dd4AaABAg,J52vmTBpqBs,@HistorytalesAfrica_AY,,"Thank you Derrick. Am at a point where i feel am stuck, but listening to this podcast am gonna start all over again.",0,2026-03-17T01:39:43.810099+00:00,,0,,0,2026-03-17T22:00:36.189135
UgxJD-9DNqYNT0qTdWt4AaABAg,J52vmTBpqBs,@jattuvictor2587,,"I fall last year just because of employees someone. It happens  in Nigeria. The one way to win is be ready to sack until u get the right person.
At first u will lose customer don't get pain go gain until u get the right people the business will stand strong",0,2026-03-17T01:39:43.171323+00:00,,0,,0,2026-03-17T22:00:36.188487
Ugw1V8BB_AMcmACYse14AaABAg,J52vmTBpqBs,@solventtechnologyartsandfi6613,,Wow... I love this Genuine guy . He understands the Ghanaian system and Ghanaian hence how to help them. I appreciate this eye-opener piece you just shared Chris. Derrick you're doing a good job for us all. We appreciate ❤,0,2026-03-17T01:39:43.171319+00:00,,0,,0,2026-03-17T22:00:36.187998
Ugz5y1LUMSGo_1fJP4J4AaABAg,J52vmTBpqBs,@KusiEmmanuel-x3u,,Very powerful conversation,0,2026-03-17T01:39:43.171306+00:00,,0,,0,2026-03-17T22:00:36.186935
UgxfW58AjQM-47qnpFF4AaABAg,J52vmTBpqBs,@ariesbaby9122,,"Not only Ghana, the entire west Africa. The once you are trying to help will be the once trying to steal from you, even family members .",0,2026-03-17T01:39:43.171293+00:00,,0,,0,2026-03-17T22:00:36.184410
UgyXFUvZj5JsFpSwbf54AaABAg,J52vmTBpqBs,@Hit-Waddle,,I have really enjoyed this guest. He's just straight and truthful.,0,2026-03-17T01:39:43.171279+00:00,,0,,0,2026-03-17T22:00:36.183131
UgynFwK1-nal88j28GN4AaABAg,J52vmTBpqBs,@hardtruth-yg9ti,,How does he speak so calm,0,2026-03-17T01:39:43.171274+00:00,,0,,0,2026-03-17T22:00:36.181930
UgxxJU8Q2Poe9nPBj7Z4AaABAg,J52vmTBpqBs,@charlesawuah9717,,The finest 👌 Podcast ever for the year.  Deep insights and  experience shared. Be blessed Derrick,0,2026-03-17T01:39:43.171262+00:00,,0,,0,2026-03-17T22:00:36.181138
Ugx_4trcQIvp5Z9_JRF4AaABAg,J52vmTBpqBs,@adwoaanimahsanwu9460,,I looove this conversation… very smooth and rich as well. ❤,0,2026-03-17T01:39:43.171252+00:00,,0,,0,2026-03-17T22:00:36.179772
UgyiRPc3jB5Plrylbg54AaABAg,J52vmTBpqBs,@deboraK.afriyie,,"The time used to watch this episode was a great investment. 
I love the advice from his Vietnamese friend,""Slow is fast"" and the explanation.

The real work lies in applying the 🦈 lessons.",3,2026-03-17T01:39:42.578352+00:00,,0,,0,2026-03-17T22:00:36.165091
UgwqLftO7MZtcFydnVp4AaABAg,xwLrHUwGtJM,@ajoahamamensu6915,,🎉🎉🎉🎉😊,0,2026-03-16T01:39:55.684874+00:00,,0,,0,2026-03-17T22:00:50.503753
UgwZWIlCNdCWlZm80i14AaABAg,xwLrHUwGtJM,@ethyls.sinful.script,,"I really love this lady 😍😘and the first time she appeared on my fyp , I just loved her and I've been listening and following her since. As a young teenager ,I know I will become great one day🙏😌 . THANK YOU FOR BRINGING MY GODDESS TO THIS SHOW.🫠💯 You gained a subscriber😉.",0,2026-03-16T01:39:55.023706+00:00,,0,,0,2026-03-17T22:00:50.512638
UgzjEVbGYNF2QwKGfWB4AaABAg,xwLrHUwGtJM,@GeorgeAsante-kj2od,,George George of favour packagings made it to the end,0,2026-03-16T01:39:52.852491+00:00,,0,,0,2026-03-17T22:00:50.469373
UgzjMSIeYgkM2sda1sZ4AaABAg,xwLrHUwGtJM,@ransfordanane1925,,"good interview, enjoyed to the very end. Derrick, kindly work with Ama on your appeal of free ads for small brands, could be adjusted to a different period if monthly does not help her brand, even 4x a year would go a very long way! 
thanks for this session, cheers.",0,2026-03-16T01:39:52.123910+00:00,,0,,0,2026-03-17T22:00:50.456715
Ugw21lrb_PDrxPBtHTR4AaABAg,xwLrHUwGtJM,@ayaribisacelestina6278,,I did watch to the end🤭😍. This is  soo nice 😊. Ama Burland is who she thinks she is wai😅. Periodddd💯👌,0,2026-03-16T01:39:52.123884+00:00,,0,,0,2026-03-17T22:00:50.456245
Ugxa6qzIh9omZCqqCDN4AaABAg,xwLrHUwGtJM,@Kirsten-c2r,,The lawyer part 😂😂😂😂,0,2026-03-16T01:39:52.123781+00:00,,0,,0,2026-03-17T22:00:50.439748
Ugw42zIxZEnPzs2qPOt4AaABAg,xwLrHUwGtJM,@QueenDanquah,,Adjoa Tee and Gisela next pleaseeeeeeeeeeeee,2,2026-03-16T01:39:51.486621+00:00,,0,,0,2026-03-17T22:00:50.427613
Ugy1Vbv0_k-dlq0Ni7F4AaABAg,xwLrHUwGtJM,@hafsatishaq6734,,I dont know why but i love to hear and see Ama talk,0,2026-03-16T01:39:51.486533+00:00,,0,,0,2026-03-17T22:00:50.420258
UgwJdgvWtvmhnwUX6TF4AaABAg,J52vmTBpqBs,@Kwame_tv,,Slow is fast,0,2026-03-16T01:39:45.050267+00:00,,0,,0,2026-03-17T22:00:36.216319
UgzB07tM3WLeHZG1HWN4AaABAg,J52vmTBpqBs,@Youtube1youtuber,,"You are doing a fantastic work.
This is Podcast number 2 that I have watched till the end.
I will do this with every podcast I complete until you notice me.",0,2026-03-16T01:39:44.418096+00:00,,0,,0,2026-03-17T22:00:36.210326
UgxyD9F_jkN_BdLXm854AaABAg,J52vmTBpqBs,@MuftauNashiru-ro6dz,,"Man lyk Derrick :medal-yellow-first-red:
I can watch this all day long..",0,2026-03-16T01:39:44.418041+00:00,,0,,0,2026-03-17T22:00:36.205959
UgxgXZnZ-J4cyKLHxm14AaABAg,J52vmTBpqBs,@obedsarkodie-ls4ts,,Good information,0,2026-03-16T01:39:44.418025+00:00,,0,,0,2026-03-17T22:00:36.204643
UgxdW8ujQ_XMq9CxuN14AaABAg,J52vmTBpqBs,@PriscillaBorketey-nt4to,,I made it to the end. I'm educated. Thanks,0,2026-03-16T01:39:43.810270+00:00,,0,,0,2026-03-17T22:00:36.194295
UgwtPdj18C5W_e-fA954AaABAg,J52vmTBpqBs,@enochforson1714,,I have learnt a lot from this Business Man❤,0,2026-03-16T01:39:43.810244+00:00,,0,,0,2026-03-17T22:00:36.192619
UgyFpnHTmqUpA19R1vJ4AaABAg,J52vmTBpqBs,@BruceArigye,,"amazing that I watched this from the start to the end, great lessons learned.",0,2026-03-16T01:39:43.810224+00:00,,0,,0,2026-03-17T22:00:36.191138
Ugw2IggrBZ25dFPhXrx4AaABAg,J52vmTBpqBs,@duncanadugyamera2349,,"When I tapped on the video, the holy Spirit told me to take notes",0,2026-03-16T01:39:43.171297+00:00,,0,,0,2026-03-17T22:00:36.184926
UgwBFwPEOU_0_-k4tR14AaABAg,J52vmTBpqBs,@AdelAlkaf,,"I failed in my first business and I  quit ,but  am going back  to work on my business  now, thank you Derrick and chris❤❤❤❤❤❤",1,2026-03-16T01:39:43.171243+00:00,,0,,0,2026-03-17T22:00:36.178575
UgypEzEiPPG4dgHD8C54AaABAg,J52vmTBpqBs,@the_misspee,,"A definition of listen to understand conversations. 
Thank you",2,2026-03-16T01:39:42.578447+00:00,,0,,0,2026-03-17T22:00:36.175023
UgxpKHTL-7ngzhgVpkh4AaABAg,J52vmTBpqBs,@daakyeasemnti1205,,"God richly bless you for this podcast. I remember i started  a business with all my income from NSS and the people i hired brought me to zero, then even left me in debt. I became afraid to even venture into business again but thanks to You for this insight",3,2026-03-16T01:39:42.578365+00:00,,0,,0,2026-03-17T22:00:36.166730
UgwlJsP6Zqr5JrRLVSF4AaABAg,J52vmTBpqBs,@Thegamechangereffect-su1cg,,i like how Derrick does not argue about certain issues but allows room for all ideas to be shared,2,2026-03-16T01:39:42.578358+00:00,,0,,0,2026-03-17T22:00:36.165964
UgzRc1ahYJ1wGI3SKtZ4AaABAg,xwLrHUwGtJM,@naaopoku,,Boring for me if you say like like like in almost every sentence,0,2026-03-15T01:39:58.860078+00:00,,0,,0,2026-03-17T22:00:50.560007
UgyPNFgj_a9DVI8c5gF4AaABAg,xwLrHUwGtJM,@naaopoku,,"She doesn't say one complete sentence without ""like like""",0,2026-03-15T01:39:58.858407+00:00,,0,,0,2026-03-17T22:00:50.554394
UgxUME1hktxGxUxWtL94AaABAg,xwLrHUwGtJM,@MERELAC_88fx,,mary star international school ... i miss that school,0,2026-03-15T01:39:52.852500+00:00,,0,,0,2026-03-17T22:00:50.469994
UgzziBhYYzi8FC3utmd4AaABAg,xwLrHUwGtJM,@SagoeElizabeth,,Hmm very inspiring and motivational,0,2026-03-15T01:39:52.852432+00:00,,0,,0,2026-03-17T22:00:50.466030
UgyUblWpEHZ5AovH9jJ4AaABAg,xwLrHUwGtJM,@meraldadaisy,,Inspirational ❤,0,2026-03-15T01:39:52.852388+00:00,,0,,0,2026-03-17T22:00:50.463799
Ugx6-ZPQd4xIVGeXPhJ4AaABAg,xwLrHUwGtJM,@NoellaPerkins1492,,Very Educative podcast,0,2026-03-15T01:39:52.852339+00:00,,0,,0,2026-03-17T22:00:50.461770
UgyE1GUBoZDhL08Dd254AaABAg,xwLrHUwGtJM,@wilheminaessuman8541,,"Amazing interview, I loved every bit of it. I would love to join the connected mind masterclass.",0,2026-03-15T01:39:52.123859+00:00,,0,,0,2026-03-17T22:00:50.453510
UgzaubY2gqkOqf73DOJ4AaABAg,xwLrHUwGtJM,@GloriaBuckman,,"Not the interviewee interviewing the interviewer 😄 Nana Aba brought me back here; ""Ama"" made me stay ❤ You're doing a great job with Konnected Minds, Derrick. Here’s to seeing more women on the pod 🥂",2,2026-03-15T01:39:50.214666+00:00,,0,,0,2026-03-17T22:00:50.396051
UgyLeqoRCNjchy9Sqjd4AaABAg,J52vmTBpqBs,@theokorley2086,,😂 who fears money ma guy eeeeiii,0,2026-03-15T01:39:45.050199+00:00,,0,,0,2026-03-17T22:00:36.216809
UgxNE4e9RrefldDpLot4AaABAg,J52vmTBpqBs,@abdulaiyakubu7942,,"56:35 Even God have issues. Preachers arise to solve God's problems.
Never had it clearer why religion is a business 😂",2,2026-03-15T01:39:45.050192+00:00,,0,,0,2026-03-17T22:00:36.215877
UgyENKLZQugE6WFPiEJ4AaABAg,J52vmTBpqBs,@JamesBond-d1g3v,,Hello Sir ! How can we get the Ohemaa rice ? Any contact available ?,0,2026-03-15T01:39:45.050090+00:00,,0,,0,2026-03-17T22:00:36.213654
UgyVUlmWpY20vALAW-x4AaABAg,J52vmTBpqBs,@anthonyabbot7618,,"So how is MTN and co able to manage Ghanaian employees in Ghana?

What’s different with them?",0,2026-03-15T01:39:45.049920+00:00,,0,,0,2026-03-17T22:00:36.211551
Ugw6uP5hAkpBt9lpnJ94AaABAg,J52vmTBpqBs,@JeffAfflo,,I made it to the end,0,2026-03-15T01:39:44.418091+00:00,,0,,0,2026-03-17T22:00:36.209944
UgxjdX1mh0dTzEE_vWZ4AaABAg,J52vmTBpqBs,@vexxmoney,,Agric commodity trading is good business,1,2026-03-15T01:39:44.418071+00:00,,0,,0,2026-03-17T22:00:36.208737
Ugw5tcKaWrCS5BgeQJl4AaABAg,J52vmTBpqBs,@1footballtheatre,,Powerful 🎉,0,2026-03-15T01:39:44.418066+00:00,,0,,0,2026-03-17T22:00:36.208271
Ugxzttl1wr_WDqsrxH14AaABAg,J52vmTBpqBs,@NathanielKenaston,,I like his outlook on life and has a vision for Ghana but he also is limited by the treatment from Ghanaians in regards to respect and honesty,0,2026-03-15T01:39:44.418051+00:00,,0,,0,2026-03-17T22:00:36.207026
UgwM-SZBDUr8i9yBgZd4AaABAg,J52vmTBpqBs,@OdisikaKwabenaAmankwah,,The Gospel must be preach Derrick ❤❤❤I I'm present today too,0,2026-03-15T01:39:44.418046+00:00,,0,,0,2026-03-17T22:00:36.206639
UgwjIC8CMQ4yf3WyrsF4AaABAg,J52vmTBpqBs,@thinkbeforeinvestwithphilip,,I think that DNA in most Ghanaian and what they did to our Legend Dr Kwame Nkrumah,0,2026-03-15T01:39:44.418035+00:00,,0,,0,2026-03-17T22:00:36.205527
UgzizIPVl4BpAIFcaIB4AaABAg,J52vmTBpqBs,@Stay_tuned-11,,Brilliant conversation!,0,2026-03-15T01:39:44.418019+00:00,,0,,0,2026-03-17T22:00:36.204193
UgyMwCW1EI5xcTlU8a94AaABAg,J52vmTBpqBs,@JusticeAmparbengkyeremeh,,I know him personally. He's real and business minded. Zen. 😊,0,2026-03-15T01:39:44.417996+00:00,,0,,0,2026-03-17T22:00:36.202255
UgwouSV0vgCU0nPqMWF4AaABAg,J52vmTBpqBs,@Kwabenatrustee1,,"i have to trust myself
go out surround yourself with sharks 
go find someone who have something",2,2026-03-15T01:39:44.417938+00:00,,0,,0,2026-03-17T22:00:36.202848
Ugy1GsKC9fcxOVn6dDp4AaABAg,J52vmTBpqBs,@gyan_wayo,,Thanks for this one. It's one of the Best ❤❤❤❤,0,2026-03-15T01:39:43.810354+00:00,,0,,0,2026-03-17T22:00:36.200534
Ugw46yk8RovBt214oOh4AaABAg,J52vmTBpqBs,@brainystv,,I personally think that the typical Ghanaian would want to make profits of about a 50 to 150%. And that doesn’t also help them themselves.,1,2026-03-15T01:39:43.810346+00:00,,0,,0,2026-03-17T22:00:36.199076
Ugz_13T0e3qHXi2WDy94AaABAg,J52vmTBpqBs,@joshuaasante3892,,"Boss man, God Richly Bless you for not aboundening Ghana. Thank you very much.",0,2026-03-15T01:39:43.810326+00:00,,0,,0,2026-03-17T22:00:36.200004
UgwNAEBTGHSGP5BkTwJ4AaABAg,J52vmTBpqBs,@dorisdoe7463,,"This is so inspiring, thank you for sharing 🙏❤️",0,2026-03-15T01:39:43.810308+00:00,,0,,0,2026-03-17T22:00:36.196423
UgwgJ5rx-Vz7vV-LcId4AaABAg,J52vmTBpqBs,@Morbex-media,,Different whole level ❤,1,2026-03-15T01:39:43.810290+00:00,,0,,0,2026-03-17T22:00:36.195269
Ugxj6pjlYrbePH9swQp4AaABAg,J52vmTBpqBs,@stephenahiadeke8158,,It's worth watching and listening. Thank you.,0,2026-03-15T01:39:43.810279+00:00,,0,,0,2026-03-17T22:00:36.194776
UgwHObHyOB7a_ZWwcw94AaABAg,J52vmTBpqBs,@Inst.Wisdom,,"Wow 
This is amazing; I have made it to the end.",1,2026-03-15T01:39:43.810236+00:00,,0,,0,2026-03-17T22:00:36.192105
Ugz0Jm2l2YXmZ-k9HeF4AaABAg,J52vmTBpqBs,@okfranEdu,,Great work piece. God bless you all. Very inspiring,2,2026-03-15T01:39:43.810190+00:00,,0,,0,2026-03-17T22:00:36.189623
UgzPATseTurYq0w9LkB4AaABAg,J52vmTBpqBs,@Ssalvationdiaries,,"Beautiful, I see myself on this podcast 😊",2,2026-03-15T01:39:43.171301+00:00,,0,,0,2026-03-17T22:00:36.185797
UgwalfaXXzkpeyqyLpN4AaABAg,J52vmTBpqBs,@EmmanuelOppong-z3b,,I clearly didn't waste my time on this...I got a great value...Thank you Konnected minds podcast....,1,2026-03-15T01:39:43.171289+00:00,,0,,0,2026-03-17T22:00:36.183897
UgyfmJFRa9jnHBZLPiN4AaABAg,J52vmTBpqBs,@mawukodossa6627,,It was a very insightful conversation,6,2026-03-15T01:39:42.578440+00:00,,0,,0,2026-03-17T22:00:36.174372
Ugzxrs5JQo6Ftqbbcl54AaABAg,J52vmTBpqBs,@florencejohnson6788,,"Wow,I totally enjoyed this episode. I've learnt real life lessons from him and surely passing it on. God bless you both.🇬🇭💯🙏",3,2026-03-15T01:39:42.578426+00:00,,0,,0,2026-03-17T22:00:36.173732
UgyjeeZVMCQnzQLaRgh4AaABAg,J52vmTBpqBs,@Sirwitty98,,"I like the fact that he said there’s a problem with every winner and if you find solution to the problem then boom you buy your way out. There’s a hunger drive of every young man who stays or live with the grandparents, they are the only people who believe in you more than you believe in yourself.",1,2026-03-15T01:39:42.578412+00:00,,0,,0,2026-03-17T22:00:36.172455
UgwYSXUlxj5BMtVNV0Z4AaABAg,J52vmTBpqBs,@wondersolomon4437,,"I love this dude, very calm and collected, no imposing rants",2,2026-03-15T01:39:42.578405+00:00,,0,,0,2026-03-17T22:00:36.171803
Ugyl1o1pZGCgpLH-B0l4AaABAg,J52vmTBpqBs,@wisdomgeoffrey8665,,"I like that ""This is no Add"" part .....lol that's an add indirectly",4,2026-03-15T01:39:42.578398+00:00,,0,,0,2026-03-17T22:00:36.171149
UgzpyW0YcFbqLTgHTht4AaABAg,J52vmTBpqBs,@smithsenior,,"Derrick, this interview is one of the best I’ve watched in 2026. You’re truly a great guy.",3,2026-03-15T01:39:42.578392+00:00,,0,,0,2026-03-17T22:00:36.170444
Ugzl8MqMf9Qi7c_Ndl54AaABAg,J52vmTBpqBs,@joashataakorerkpa151,,"The politicians who are supposed to initiate support for local producers are the importers, why will they support local producers who are their competitors?!!!!

My dad in 2012 lost 40 hectares of rice to bushfire in Kintampo all because there was no combine harvestor. Guess what, the gov who supplied fertilizers even demanded for a paycheque knowing it was a disaster. 

Will we sit and watch for importation to be impossible because of global issues before we wake up as Ghanaians??

Canada relied on US for trade over years. Today with just one bite from Trump as a trading partner, the damage is not fathomable. 

This issue you just discussed is the most complex business issue in Gh now.",12,2026-03-15T01:39:42.578338+00:00,,0,,0,2026-03-17T22:00:36.163403
Ugy3wCrfRei1J-UnUIF4AaABAg,J52vmTBpqBs,@axhamzautomobils3609,,"My brother owned a pharmaceutical company, and he liked sacking his employees. I thought he was the problem until one day he employed me at the workplace. He was not around most of the time, and trust me, I wished to sack all the employees and re-employ new ones… Herh! Right now I’m comfortable firing employees—sack them until you get the real ones. No compromise!!",23,2026-03-15T01:39:42.578331+00:00,,0,,0,2026-03-17T22:00:36.162604
UgyPBd23YTQ6uMlk6fN4AaABAg,xwLrHUwGtJM,@fuseiniadama1811,,"This life eeh
While people have responsibilities others have an advantage",0,2026-03-14T01:39:55.684862+00:00,,0,,0,2026-03-17T22:00:50.503315
Ugx6VloZ_ZKg7sO9X6Z4AaABAg,xwLrHUwGtJM,@MawuenaGalley,,"Really beautiful interview there. I love her interesting personality, humor kakra, smartness and frankness nsu.she helped keep the interview very nature and simple. You did a wonderful job bringing her and getting stuffs out of her. She really looks pretty like my big sister and sounds soooo much like me. Go girl, i will come for my empowerment cash sharp sharp.",1,2026-03-14T01:39:52.123831+00:00,,0,,0,2026-03-17T22:00:50.446767
UgwFiwixJTiv4N1hEzh4AaABAg,xwLrHUwGtJM,@baafimainoo,,I stayed to he end and i did enjoy this motivating episodes.,0,2026-03-14T01:39:51.486704+00:00,,0,,0,2026-03-17T22:00:50.434507
Ugzduq4lBzPPfRo21EV4AaABAg,xwLrHUwGtJM,@opulenceafful2756,,"Please interview Maame Nyarko of Ayewamu By Jane. She is so inspiring, she is doing very well with her business. I will love to hear her story.",1,2026-03-14T01:39:50.832541+00:00,,0,,0,2026-03-17T22:00:50.417299
UgwY2TXZ0kN3qVJOdOB4AaABAg,J52vmTBpqBs,@sefiamoryawkufoalor4592,,"Zen on the show and Zen in the book he recommended........ Is ""Zen"" his real name? Or did he adopt it from the book for a special reason? 
He is an inspiration. God bless him",2,2026-03-14T01:39:45.050234+00:00,,0,,0,2026-03-17T22:00:36.218706
Ugzw1NJ7bkr_5K3QT_p4AaABAg,J52vmTBpqBs,@gideonaidoo9604,,"Hmmmm, I have been watching many episodes of Connected Minds, but this one is mind-blowing🤩",3,2026-03-14T01:39:45.050227+00:00,,0,,0,2026-03-17T22:00:36.218348
Ugwbt05-ladDq-SKYiR4AaABAg,J52vmTBpqBs,@Kingt1011,,The amount of ads in your videos now is becoming ridiculous,0,2026-03-14T01:39:45.050205+00:00,,0,,0,2026-03-17T22:00:36.217192
Ugw-nb3nNTv_emCHeKJ4AaABAg,J52vmTBpqBs,@skrowe,,Naaa Sharks : scarcity mindset …. But it is what it is.,0,2026-03-14T01:39:45.050162+00:00,,0,,0,2026-03-17T22:00:36.214815
UgwjOAMrhHCrNTC0K5t4AaABAg,J52vmTBpqBs,@Tunderahman,,wow,1,2026-03-14T01:39:45.050099+00:00,,0,,0,2026-03-17T22:00:36.214242
Ugzu3FmmkK8Smj2kjNt4AaABAg,J52vmTBpqBs,@CryptoElite123,,❤❤,1,2026-03-14T01:39:45.050066+00:00,,0,,0,2026-03-17T22:00:36.213274
Ugz7x29_OTYIFV0jbDR4AaABAg,J52vmTBpqBs,@albertowusutinkorang-hl4fe,,❤❤🎉,1,2026-03-14T01:39:45.049960+00:00,,0,,0,2026-03-17T22:00:36.212883
UgyKGANwyMubU197bBR4AaABAg,J52vmTBpqBs,@evoletsynth,,Friday lets gooo🎉,0,2026-03-14T01:39:45.049887+00:00,,0,,0,2026-03-17T22:00:36.211042
UgwN3OUKISugV7-8zxp4AaABAg,J52vmTBpqBs,@zubbyy4realify,,Its the culture.  They feel entitled and dont  see anything wrong with stealing from their employers.  You just have to go through a lot of  bad workers before you find the good ones. I went through it with my poultry business.  But you have to keep going,5,2026-03-14T01:39:45.049819+00:00,,0,,0,2026-03-17T22:00:36.210686
UgzF1l3g5pN8NDTMISl4AaABAg,J52vmTBpqBs,@okaiemmanuel7558,,Thank you sir,1,2026-03-14T01:39:44.418086+00:00,,0,,0,2026-03-17T22:00:36.209505
Ugycakt_b7mkFtp-v4l4AaABAg,J52vmTBpqBs,@evoletsynth,,Top 1 podcast in africa . 🌍 let's go global 👏,3,2026-03-14T01:39:44.418061+00:00,,0,,0,2026-03-17T22:00:36.207864
UgwZh9tS1iDkZfZl2U54AaABAg,J52vmTBpqBs,@dancashroyal1608,,Great interview,1,2026-03-14T01:39:44.418056+00:00,,0,,0,2026-03-17T22:00:36.207469
UgzpKTTrXyWMU0DZ8bB4AaABAg,J52vmTBpqBs,@frimpongaugustine7480,,The book is actually So Good they can’t ignore you by Cal Newport,1,2026-03-14T01:39:44.418030+00:00,,0,,0,2026-03-17T22:00:36.205084
UgytX9aBBX99taSiTsh4AaABAg,J52vmTBpqBs,@okaiemmanuel7558,,"I appreciate your hard work and dedication 🙏🙂🙂
THANK YOU VERY MUCH 🙏",1,2026-03-14T01:39:44.418014+00:00,,0,,0,2026-03-17T22:00:36.203744
UgwWDup_kv1MKtrULTx4AaABAg,J52vmTBpqBs,@Edem-edem245,,Let's start,2,2026-03-14T01:39:44.418002+00:00,,0,,0,2026-03-17T22:00:36.203289
UgxRzOANAfQ29AFUXHh4AaABAg,J52vmTBpqBs,@Andrekay23,,Great interview 😊,2,2026-03-14T01:39:44.417989+00:00,,0,,0,2026-03-17T22:00:36.201704
UgxlqQTS-utIPGC6Frd4AaABAg,J52vmTBpqBs,@ElvisSansah-t7x,,Very insightful.,2,2026-03-14T01:39:43.810336+00:00,,0,,0,2026-03-17T22:00:36.199536
Ugx7rZLuXOb7FEj3Q3l4AaABAg,J52vmTBpqBs,@owusuadjeikwadwo2313,,I have loved this podcast,2,2026-03-14T01:39:43.810318+00:00,,0,,0,2026-03-17T22:00:36.197426
UgyW0_MSzInvNLQiZkZ4AaABAg,J52vmTBpqBs,@PapaEduku-b4w,,Excellent content!!!,2,2026-03-14T01:39:43.810300+00:00,,0,,0,2026-03-17T22:00:36.195860
UgyG7dbvuon5iL1rm854AaABAg,J52vmTBpqBs,@KingSapps-bj1vx,,This video is worth my time ❤❤,3,2026-03-14T01:39:43.171315+00:00,,0,,0,2026-03-17T22:00:36.187457
UgyyBLoVsN4COhKXArV4AaABAg,J52vmTBpqBs,@AbassMohammed-yt6vu,,Great video Mr. Derrick,5,2026-03-14T01:39:43.171310+00:00,,0,,0,2026-03-17T22:00:36.186378
UgxBtlcx2unS7CcIbtB4AaABAg,J52vmTBpqBs,@kelvinagyemang6637,,Best Podcast so far,5,2026-03-14T01:39:43.171284+00:00,,0,,0,2026-03-17T22:00:36.182561
UgzUthletQ_Hj0rNDAl4AaABAg,J52vmTBpqBs,@juniorisaac5495,,Amazing conversation. Thank you for having him Derrick. God bless you.,3,2026-03-14T01:39:43.171257+00:00,,0,,0,2026-03-17T22:00:36.180369
Ugym4HjWIQRwf2ZVv454AaABAg,J52vmTBpqBs,@TIAnyas,,"Very intriguing conversation. The problem is that, so many people don't think of operational system, this makes it difficult for every thief to break through. I will advice for speaking with professionals who'll advice on how to run business. The cost of professional advice is far less than cost of loosing to thiefs.",7,2026-03-14T01:39:43.171248+00:00,,0,,0,2026-03-17T22:00:36.179197
UgwdxvolW38yUEvxbJh4AaABAg,J52vmTBpqBs,@bernitakekeli6349,,Camera quality seems different today!love it,5,2026-03-14T01:39:43.171236+00:00,,0,,0,2026-03-17T22:00:36.177912
Ugy2Q9zTvrNVlfqrLM14AaABAg,J52vmTBpqBs,@OpokuSethAddo,,I totally like how he speaks.,7,2026-03-14T01:39:43.171229+00:00,,0,,0,2026-03-17T22:00:36.177189
UgwWG_NSlqlb5lXAcOR4AaABAg,J52vmTBpqBs,@alpharoyalbillionaire3905,,Don't just be watching. Apply what you hear shalom,7,2026-03-14T01:39:42.578453+00:00,,0,,0,2026-03-17T22:00:36.175659
UgwpI0dXjwJni3ceMZF4AaABAg,J52vmTBpqBs,@DavidNghifikepunye,,Wonderful watching from land of the brave Namibia 🇳🇦,7,2026-03-14T01:39:42.578419+00:00,,0,,0,2026-03-17T22:00:36.173095
Ugzq0knfl6Pmk4pW6sB4AaABAg,J52vmTBpqBs,@Kompletechannel,,I was so glued ...I wanted more when it was over..Thank you Derrick...and Thank you Chris...what's his full name??,5,2026-03-14T01:39:42.578385+00:00,,0,,0,2026-03-17T22:00:36.168720
Ugw_5C2jAyadZ-uBuyd4AaABAg,J52vmTBpqBs,@MariyTalksBusiness,,"I did make to the end and it was worth every minute. I might highlight something you said here and make I post on it tomorrow tho, will certainly tag you if I do 😊",9,2026-03-14T01:39:42.578378+00:00,,0,,0,2026-03-17T22:00:36.168011
Ugz-OlhPXAjbMDcLFMd4AaABAg,J52vmTBpqBs,@nubidghaprecious9307,,"From Ambazonian - living in Ghana.. 
the conversation was dop..  I got more interested when he said in business you need to be a shark 🦈,  I say yeah 👍 this Rich 🤑 man knows what he’s talking about.. I made it to the end of the video, I subscribe.

I would like to join the call too! Thanks for the video. You are appreciated 🤝",8,2026-03-14T01:39:42.578371+00:00,,0,,0,2026-03-17T22:00:36.167387
UgyJCHfndySSWtFesMl4AaABAg,J52vmTBpqBs,@brainystv,,The probability that if you go for it it would work might be 1/10 but still go for it. And don’t be easily distracted. Allow nothing to distract you. Go for it 100%,11,2026-03-14T01:39:42.578345+00:00,,0,,0,2026-03-17T22:00:36.164161
UgwSbpzoDJMIn5vC6CF4AaABAg,J52vmTBpqBs,@fostersenyo4844,,"I am at a point where I said to myself that I have failed,listening to this podcast ,I'm moved to pick the pieces and climb up the ladder again.
Thank you.",53,2026-03-14T01:39:42.578322+00:00,,0,,0,2026-03-17T22:00:36.161661
UgzYb4JV9SpzsoMZtid4AaABAg,J52vmTBpqBs,@KonnectedMinds,,"Join Our Community call with Chris this weekend
Link 👇
https://www.triibe.io/konnected-academy


See you soon....",11,2026-03-14T01:39:42.578291+00:00,,0,,0,2026-03-17T22:00:36.159860
UgysyeW9Q0zqi-bJoEt4AaABAg,xwLrHUwGtJM,@geistogeistube8539,,They are your half siblings. You share a common parent and that makes them half siblings not step siblings,0,2026-03-13T01:39:58.185633+00:00,,0,,0,2026-03-17T22:00:50.547847
UgwwqYlsOh8JjL1sugR4AaABAg,xwLrHUwGtJM,@basildarko4986,,I made it to the end❤,0,2026-03-13T01:39:55.684814+00:00,,0,,0,2026-03-17T22:00:50.502888
UgzDKDz6Z_5E8xgDckx4AaABAg,xwLrHUwGtJM,@EatwithEdem,,Waooo this is so insightful and inspiring.,0,2026-03-13T01:39:53.735226+00:00,,0,,0,2026-03-17T22:00:50.472421
UgxVagjrmj7Q8LpY0H54AaABAg,xwLrHUwGtJM,@mznads9346,,"This is very interesting. I have been watching clips of your interviews but I am glad I watched this whole podcast and to the end. Def going to watch the others. 

Thanks Derrick for what you do and what you’re doing. 

Very insightful podcast",1,2026-03-13T01:39:52.852327+00:00,,0,,0,2026-03-17T22:00:50.461199
UgxH5ckXMO1_Rh0eJUh4AaABAg,xwLrHUwGtJM,@nk6013,,"Konnected minds has become my new favourite, we need the right kind of information. I'm blessed i chanced on it. all i need is keep watching, listening, learning and practicing",0,2026-03-13T01:39:52.123821+00:00,,0,,0,2026-03-17T22:00:50.446007
Ugw2AJI9TKQBBClwhBJ4AaABAg,xwLrHUwGtJM,@JulietBoakyeprah,,PRINCESS❤️🥹!!,0,2026-03-12T01:39:56.852053+00:00,,0,,0,2026-03-17T22:00:50.543710
UgxQGybhibDmFxlXbx94AaABAg,xwLrHUwGtJM,@jefferyosei101,,"This was very enjoyable and worth the wait, Hamdiya is quite an inspiring and interesting personality, great look - love it! 🖤🧞‍♂️",0,2026-03-12T01:39:56.852041+00:00,,0,,0,2026-03-17T22:00:50.520965
Ugy1jDlao9mqrRJ3gWB4AaABAg,xwLrHUwGtJM,@VenerandaAnipu,,Great one,0,2026-03-12T01:39:53.735285+00:00,,0,,0,2026-03-17T22:00:50.477884
UgyHZpfxpJRA8LOSugp4AaABAg,xwLrHUwGtJM,@KwadwoSarfoKantanta,,Ama is so real,0,2026-03-12T01:39:52.852441+00:00,,0,,0,2026-03-17T22:00:50.466489
Ugx5sHZ7owkxONfQqwZ4AaABAg,xwLrHUwGtJM,@ms.naa__,,""" nothing"" she chased nothing and attracted everything! I love it",0,2026-03-12T01:39:52.852423+00:00,,0,,0,2026-03-17T22:00:50.465534
UgzA9--t3i1dZpLgmo94AaABAg,xwLrHUwGtJM,@edtetteh,,I really enjoyed this episode. ill definitely rewatch this and make action plans towards my business,0,2026-03-12T01:39:52.852290+00:00,,0,,0,2026-03-17T22:00:50.460042
UgzFfW4H6MoSTHbUBTd4AaABAg,xwLrHUwGtJM,@RYT_SYD,,love this episode not gonna lie this is one of the best episode ever,3,2026-03-12T01:39:51.486727+00:00,,0,,0,2026-03-17T22:00:50.435931
UgxKQss_egikRFX4QRF4AaABAg,xwLrHUwGtJM,@ChrisRudarl,,I taught u were twin,0,2026-03-11T01:39:58.858403+00:00,,0,,0,2026-03-17T22:00:50.553925
Ugzfzgs0uYfq-xKyI3l4AaABAg,xwLrHUwGtJM,@matildasosoo5412,,Derrick call me too to be on your team… konnected house,0,2026-03-11T01:39:58.185573+00:00,,0,,0,2026-03-17T22:00:50.546332
Ugx3zhK9fJK_vYLKdJl4AaABAg,xwLrHUwGtJM,@NurseLois-f4q,,I’ll rather do Day In My Life video 😂❤❤,0,2026-03-11T01:39:56.852081+00:00,,0,,0,2026-03-17T22:00:50.538526
UgyKmQWqG9aovOkQXiJ4AaABAg,xwLrHUwGtJM,@HarrietBarnor87,,I watched it to the end and I loveeeed it!🤏💕,0,2026-03-11T01:39:55.684956+00:00,,0,,0,2026-03-17T22:00:50.508121
UgyneXsoOfBuN_MBOz54AaABAg,xwLrHUwGtJM,@LoisManu,,"I made it ,it’s very interesting,I love you both. Keep the podcast going,we are really inspired",0,2026-03-11T01:39:55.023607+00:00,,0,,0,2026-03-17T22:00:50.499360
UgwxtRmhnlRaNbavRDV4AaABAg,xwLrHUwGtJM,@hameeydatuoo,,Periodttt ama is brilliant and over thinker I love you ama,0,2026-03-11T01:39:54.404749+00:00,,0,,0,2026-03-17T22:00:50.483704
UgyOZZm5Q6XgBlu77Vh4AaABAg,xwLrHUwGtJM,@BediakoEvans-q2s,,Very enjoyable conversation,0,2026-03-11T01:39:53.735245+00:00,,0,,0,2026-03-17T22:00:50.474274
UgxJX4bZ9VKMy2EeMOF4AaABAg,xwLrHUwGtJM,@nanakwadwosafo4758,,"I really enjoyed this conversation and I have recommended it to my girlfriend as her birthday gift 🎉 which is today.
I am most certain that she’ll be inspired and start to integrate serious content creation into her apparel business.",0,2026-03-11T01:39:53.735158+00:00,,0,,0,2026-03-17T22:00:50.470589
UgzFSueVTuNZChsoP894AaABAg,xwLrHUwGtJM,@PortraitsByJosh,,"I made it to the end.🎉
She’s such an interesting personality.
Thank you Mr. Abaitey❤",0,2026-03-11T01:39:52.852411+00:00,,0,,0,2026-03-17T22:00:50.464926
UgwNPhMSxlMrfYb-7at4AaABAg,xwLrHUwGtJM,@DanielTibil-bo8gm,,"I'm always inspired whenever I get the chance to listen to your podcast 
I WILL BECOME VERY SUCCESSFUL AND ONE SHARE MY STORY ON YOUR STUDIO 

Keep on with the good work of inspiring many of us out here",0,2026-03-11T01:39:52.852377+00:00,,0,,0,2026-03-17T22:00:50.463368
UgxC8b294MGuOP4sKPx4AaABAg,xwLrHUwGtJM,@NyamebaHillary,,"Mindset, personality and confidence. This girl has it all. I like her",0,2026-03-11T01:39:52.123867+00:00,,0,,0,2026-03-17T22:00:50.454514
UgzJgCKWQQcyaHKT0Td4AaABAg,xwLrHUwGtJM,@Julieexx13,,I have never watched any podcast to the end but I did with this one. Enjoyed every bit of it. From the editing to the questions from the interviewer and to Burland herself. Worth watching 🎉👌🏽,1,2026-03-11T01:39:51.486763+00:00,,0,,0,2026-03-17T22:00:50.438546
UgzlU75FmrbylHXx8ZZ4AaABAg,xwLrHUwGtJM,@appewstephen9659,,"This was an interesting, educative and fun convo.
Thank you Mr. Derrick and Ms. Ama Burnland 🙏
I really enjoyed every part of it.",2,2026-03-11T01:39:51.486715+00:00,,0,,0,2026-03-17T22:00:50.435171
Ugx1B8nfpvySlPiRq6B4AaABAg,xwLrHUwGtJM,@gloriaseyramellis1289,,"I actually made to the end and it was the best decision to listen whiles doing a chores. 
My day was not going too well but this has enlightened my day .
I’m also trying to build something i think I’m encouraged cause it sometimes is as though once you start a business everything will just go smoothly .One thing I’m holding unto is not  to give up when the going gets tough.",1,2026-03-11T01:39:51.486682+00:00,,0,,0,2026-03-17T22:00:50.433487
UgwtgDMlKCNqffKZRcB4AaABAg,xwLrHUwGtJM,@Nessa-559,,I've watched till the enddd😊,2,2026-03-11T01:39:51.486659+00:00,,0,,0,2026-03-17T22:00:50.432543
UgxgqJSBkaKD_PTKaKt4AaABAg,xwLrHUwGtJM,@StephaniePappoe,,I love this podcast even though it's just the second time.From the structured questions and their relevance to life to your guests; the future is indeed bright to those who see it.❤,1,2026-03-11T01:39:51.486608+00:00,,0,,0,2026-03-17T22:00:50.425802
Ugx_hIB7hlo8Aaeqw0h4AaABAg,xwLrHUwGtJM,@appewstephen9659,,"Who else, realized that Ama Burnland just confirmed what Charity said in her video, when she said people were eager to buy when they thought 100pcs of the product was sold in 30mins.

Even if you're not making sales, make them believe you are, that raises an interest on the buyers side.",14,2026-03-11T01:39:50.214571+00:00,,0,,0,2026-03-17T22:00:50.393534
UgxP__LzFLvFGRyuAwZ4AaABAg,xwLrHUwGtJM,@CeeJayLive,,Dab3n da?😂😂😂,0,2026-03-10T01:39:58.860069+00:00,,0,,0,2026-03-17T22:00:50.558949
Ugx8BGECp4dQ4hqaEIZ4AaABAg,xwLrHUwGtJM,@francisfosu2208,,"Please I want to write a message to you office 
How will I get your email or office number",0,2026-03-10T01:39:58.860064+00:00,,0,,0,2026-03-17T22:00:50.558315
Ugx49t-Wvug-37z4Ach4AaABAg,xwLrHUwGtJM,@theGodFactorChannel1,,Insightful,0,2026-03-10T01:39:57.467405+00:00,,0,,0,2026-03-17T22:00:50.524479
UgxxlowlQMYDnarILkp4AaABAg,xwLrHUwGtJM,@lucyorji-w9s,,Life  is not easy.,1,2026-03-10T01:39:56.852075+00:00,,0,,0,2026-03-17T22:00:50.528468
UgzSV9aQ3foyj1MdL594AaABAg,xwLrHUwGtJM,@sportspit3668,,Your video editor is crazy herh,0,2026-03-10T01:39:56.852061+00:00,,0,,0,2026-03-17T22:00:50.534325
Ugx0iL4oWLppjYJVZiR4AaABAg,xwLrHUwGtJM,@franciscatetteh7550,,Can’t believe myself right now. I stayed to the end for two videos consecutively. So much knowledge gained. Thank you so much 😊,0,2026-03-10T01:39:56.284635+00:00,,0,,0,2026-03-17T22:00:50.513027
UgwEr_4OOg5Cjz0VYK14AaABAg,xwLrHUwGtJM,@Joyce.sweetss,,Brilliant❤❤❤,0,2026-03-10T01:39:55.684992+00:00,,0,,0,2026-03-17T22:00:50.509925
Ugyhtt6o6m16aF4Ylsd4AaABAg,xwLrHUwGtJM,@akua__iii3037,,Smart woman,0,2026-03-10T01:39:55.684891+00:00,,0,,0,2026-03-17T22:00:50.504746
Ugww18z1udfBLQI8Rqh4AaABAg,xwLrHUwGtJM,@LaurettaFafaTetteh,,I would really love the connected house,0,2026-03-10T01:39:55.684883+00:00,,0,,0,2026-03-17T22:00:50.504284
UgzES_vMvNSQ_2s2_n14AaABAg,xwLrHUwGtJM,@anythinganimah,,And I always make it to the end 🎉,0,2026-03-10T01:39:55.023562+00:00,,0,,0,2026-03-17T22:00:50.493294
UgwWEZxWsrkH5XZ2bGp4AaABAg,xwLrHUwGtJM,@Dhanny_Bhel,,This is great. I am really inspired❤,0,2026-03-10T01:39:55.023435+00:00,,0,,0,2026-03-17T22:00:50.492748
UgzYa0Ml7UE2TGzf3MN4AaABAg,xwLrHUwGtJM,@newlove_jnrquist5921,,"I like how a moment Ama became the interviewer 😅😅😅
That's bold 👏",0,2026-03-10T01:39:54.404842+00:00,,0,,0,2026-03-17T22:00:50.487213
UgxU6pc-elfIcSfGRzF4AaABAg,xwLrHUwGtJM,@elainewood426,,"i  watched the full interview, very insightful... one profound thing i learnt even though it wasnt stated clearly in the interview was, our background influences who we are, and we must know how to navigate that into who you want to be. Be postive",1,2026-03-10T01:39:53.735292+00:00,,0,,0,2026-03-17T22:00:50.478328
Ugx0Gf9sCFBYhG4auvF4AaABAg,xwLrHUwGtJM,@alexarthur5754,,Great insight... loved the whole convo,0,2026-03-10T01:39:53.735250+00:00,,0,,0,2026-03-17T22:00:50.474875
UgwCYw9UGChw_4Q7eul4AaABAg,xwLrHUwGtJM,@missann403,,This was a good one👏🏾👏🏾,0,2026-03-10T01:39:52.852472+00:00,,0,,0,2026-03-17T22:00:50.467959
Ugz-syO266oWHS2VZUh4AaABAg,xwLrHUwGtJM,@anythinganimah,,Hi I’m Animah and I’ve been watching your podcast for long I just love your new initiative that you’ll be interviewing more women. Because I have a crochet business and I keep getting people who just text me to discuss me and people who also love my works. If there’s one thing I’ve learnt from your podcast is never give up keep going. Thank you very much Mr Derrick Abaitey. In some years time I will be on your podcast to also motivate more ladies and women.,0,2026-03-10T01:39:52.852399+00:00,,0,,0,2026-03-17T22:00:50.464325
UgxE418xSJy6o6H30up4AaABAg,xwLrHUwGtJM,@TifeofLife,,"Princess, the free gifting of products you were doing online and every ‘God bless you’ you received paved a way for you. Because we all know that there is big blessing in giving!",0,2026-03-10T01:39:52.852224+00:00,,0,,0,2026-03-17T22:00:50.459555
UgwKNAQNMQdZ35jGHIV4AaABAg,xwLrHUwGtJM,@KOGATV1,,Never thought id learn from Princess but i Did.,2,2026-03-10T01:39:52.123802+00:00,,0,,0,2026-03-17T22:00:50.441347
UgzOQ1wdPbd2BYt2fbp4AaABAg,xwLrHUwGtJM,@guyonmoons,,"I love this lady, gosh. Talk about experience and honesty.",1,2026-03-10T01:39:52.123792+00:00,,0,,0,2026-03-17T22:00:50.444027
Ugyz1wsHUP3MnAoXyKN4AaABAg,xwLrHUwGtJM,@emmanuelquarshigah3360,,"The part where she asked you to hit her continuously and the lesson from that really makes sense, I've learned that",2,2026-03-10T01:39:50.832494+00:00,,0,,0,2026-03-17T22:00:50.411192
UgwZaHnbvgC4GphuMTN4AaABAg,xwLrHUwGtJM,@owusumaxwellina1010,,I just love the way she speaks and how intelligent she is 😘😘😘,7,2026-03-10T01:39:50.832454+00:00,,0,,0,2026-03-17T22:00:50.403857
UgzoQZPoeAhoCklICiZ4AaABAg,xwLrHUwGtJM,@TeddyWalker-e6s,,"I know that it is as a result of not associating myself with trends and not being active on social media. I have heard the name Ama Burland before, but have not paid any attention to it, just as I do with others. I have also heard about getting a mentor for one's self, but have not heeded. However, this podcast has given me a different perspective. This is my second time watching. The first was the one with Nana Aba which made me follow Women of Valour and this one with Ama Burland is my second. I loved every bit of the conversation. I laughed it off when I watched the teaser and heard her mention GH 50.00 as her start up money. I was like I have heard that before and laughed it off. But watching to the end, I have a different mindset now and although I am not younger than her, I choose her to be my mentor because I am free spirited as she is and love how she views things and want to be as successful as she is. Today marks the beginning of me rewriting my story. Thanks very much Konnected Minds, Derrick, and Ama Burland. Girl, you do all and I love you already🥰",4,2026-03-10T01:39:50.832416+00:00,,0,,0,2026-03-17T22:00:50.401510
UgyfrqVD4JviUadFujJ4AaABAg,xwLrHUwGtJM,@mag_georgebeauty,,This is a clear example of extremely high confidence.,11,2026-03-10T01:39:50.214643+00:00,,0,,0,2026-03-17T22:00:50.394871
Ugy7D-YGTekyC0knPqd4AaABAg,xwLrHUwGtJM,@annaoffeh,,Pick Me,0,2026-03-09T01:39:58.860083+00:00,,0,,0,2026-03-17T22:00:50.560588
UgxHQNdk9g5DnEt1CsJ4AaABAg,xwLrHUwGtJM,@gloriaquayenartey7767,,50gh mmmmmmm we hear,0,2026-03-09T01:39:58.860074+00:00,,0,,0,2026-03-17T22:00:50.559445
Ugw3QpQjncK8ak7vkNt4AaABAg,xwLrHUwGtJM,@kingsolomonboateng,,"Pretty interesting person. Ama Burland ❤
I’d love to meet her in person.",1,2026-03-09T01:39:58.858417+00:00,,0,,0,2026-03-17T22:00:50.555566
Ugy0swRaLvtTI8msySd4AaABAg,xwLrHUwGtJM,@ekhuaadepa188,,Hi,0,2026-03-09T01:39:58.185664+00:00,,0,,0,2026-03-17T22:00:50.548776
UgxmUawwT1DHVXND1hx4AaABAg,xwLrHUwGtJM,@SoulnWellnessC,,I did to the end,0,2026-03-09T01:39:58.185512+00:00,,0,,0,2026-03-17T22:00:50.543351
UgyWU0X0XI1Za7YirQd4AaABAg,xwLrHUwGtJM,@Reedabande,,❤❤❤❤❤❤❤,0,2026-03-09T01:39:58.185500+00:00,,0,,0,2026-03-17T22:00:50.542942
UgwvemwSn8jrLBnMciV4AaABAg,xwLrHUwGtJM,@makeupbygloria,,If it’s step siblings meaning you’re not related to them if same mother different fathers then it means they’re your half siblings so her mum’s children or her father’s children are her half siblings not step siblings i think she was confused about that part,1,2026-03-09T01:39:57.467806+00:00,,0,,0,2026-03-17T22:00:50.540213
UgxVNemXvnyroefUegp4AaABAg,xwLrHUwGtJM,@McNBA,,I like what she’s wearing😍😍…waiting for the link Sir,0,2026-03-09T01:39:57.467727+00:00,,0,,0,2026-03-17T22:00:50.534710
UgzvzTjHtWN7hCF7BMF4AaABAg,xwLrHUwGtJM,@fancyhairdallastx,,Wow That thumbnail i thought it was jackie,0,2026-03-09T01:39:56.852092+00:00,,0,,0,2026-03-17T22:00:50.541594
UgzZ4UMrOAVINO1Jny14AaABAg,xwLrHUwGtJM,@tititay6331,,This was so insightful 😊. Ama Burland is a very interesting and intelligent lady . Learnt a lot from this session. This is nothing short of inspiring 😊,0,2026-03-09T01:39:56.284715+00:00,,0,,0,2026-03-17T22:00:50.515836
Ugwf_zXMpA4OEUVX-RR4AaABAg,xwLrHUwGtJM,@AkuaAfranewaaFosu-s7d,,Very inspiring😊 this is my first time watching because of AmaBurland and I hope to watch other videos too. And I made it to the end and subscribed too,0,2026-03-09T01:39:56.284694+00:00,,0,,0,2026-03-17T22:00:50.514776
Ugy0pNAfhz-kBoiY4cF4AaABAg,xwLrHUwGtJM,@Icyla,,"First time here 
I made it to the end and subscribed too.",0,2026-03-09T01:39:56.284669+00:00,,0,,0,2026-03-17T22:00:50.513954
UgzfJWMsoMZy4Qo0To14AaABAg,xwLrHUwGtJM,@CelestinaAfua-mj5hp,,This is so inspiring 😊,0,2026-03-09T01:39:56.284517+00:00,,0,,0,2026-03-17T22:00:50.502461
Ugyse0ffa9rGOwZHrjh4AaABAg,xwLrHUwGtJM,@JustinaObeng-c1p,,I can’t wait to see Serwaa Amihere ☺️,0,2026-03-09T01:39:55.685027+00:00,,0,,0,2026-03-17T22:00:50.511552
UgxHWp9Xee8XfVxP-ml4AaABAg,xwLrHUwGtJM,@abigailnyarko5686,,"Very interesting, funny but full of wisdom",0,2026-03-09T01:39:55.684948+00:00,,0,,0,2026-03-17T22:00:50.507441
UgwqVaOihjSuxsZYWpF4AaABAg,xwLrHUwGtJM,@kennethsarpongjoseph7981,,"Konnected minds podcast 
KSS ❤",0,2026-03-09T01:39:55.684922+00:00,,0,,0,2026-03-17T22:00:50.505969
UgyBteog_fe_ehjeB-R4AaABAg,xwLrHUwGtJM,@RukayaIbrahim-v3o,,Wow this is good conversation,0,2026-03-09T01:39:55.684900+00:00,,0,,0,2026-03-17T22:00:50.505153
UgxIH_2fCQV6UxPpjAZ4AaABAg,xwLrHUwGtJM,@WiniSerwa,,Wow I'm really inspired,0,2026-03-09T01:39:55.023687+00:00,,0,,0,2026-03-17T22:00:50.500645
UgyO5gBVGjxuTIQ4HLB4AaABAg,xwLrHUwGtJM,@MacEvans16,,Loved it.,0,2026-03-09T01:39:55.023630+00:00,,0,,0,2026-03-17T22:00:50.495157
Ugw5_gQYjJuQ_zuNWFt4AaABAg,xwLrHUwGtJM,@vibeswithamaaddobea1951,,"Made it to the end. Love this 
🎉🎉🎉 great interview 
Princess is a very interesting lady.",0,2026-03-09T01:39:55.023505+00:00,,0,,0,2026-03-17T22:00:50.493963
UgxQWHSaqEdmwbQ998N4AaABAg,xwLrHUwGtJM,@gideonhoenyefia8145,,Wonderful session 🎉,0,2026-03-09T01:39:54.404949+00:00,,0,,0,2026-03-17T22:00:50.492365
UgwHyCb1Uj0FYvpO22B4AaABAg,xwLrHUwGtJM,@Mrs_Atuahene,,Loved it ❤,0,2026-03-09T01:39:54.404940+00:00,,0,,0,2026-03-17T22:00:50.491834
Ugy0C7L40SxQe5UVFiV4AaABAg,xwLrHUwGtJM,@Npaa-emwine,,Wow amazing contenttt!!!,0,2026-03-09T01:39:54.404917+00:00,,0,,0,2026-03-17T22:00:50.490740
UgzbO6dxxhZhJy_rCjl4AaABAg,xwLrHUwGtJM,@LouisSamson-o8k,,"Made it to the end. Love this 
Great interview 
Princess is a very interesting lady.",0,2026-03-09T01:39:54.404876+00:00,,0,,0,2026-03-17T22:00:50.488712
Ugzx_Uot7MtBIvYSRVp4AaABAg,xwLrHUwGtJM,@jabulanisena6288,,"Great interview?,My first time knowing her and i love her vibes just talking to us like a friend and i love it",0,2026-03-09T01:39:54.404865+00:00,,0,,0,2026-03-17T22:00:50.488206
UgxrYPcnISAPSWrkNs14AaABAg,xwLrHUwGtJM,@fredasarkodie3533,,I love this,0,2026-03-09T01:39:54.404817+00:00,,0,,0,2026-03-17T22:00:50.486185
UgzMh4lkzTV_5bXDDl94AaABAg,xwLrHUwGtJM,@francaasamoah6135,,That’s why we like your podcast ❤and I made it to the end.,1,2026-03-09T01:39:54.404766+00:00,,0,,0,2026-03-17T22:00:50.484103
UgzltS1Wb0xIBva2vDR4AaABAg,xwLrHUwGtJM,@regiandoh,,Great conversation ❤,0,2026-03-09T01:39:54.404599+00:00,,0,,0,2026-03-17T22:00:50.482592
Ugy5BID9b6sjCMsMYtV4AaABAg,xwLrHUwGtJM,@jasmineowiredu9075,,"I mad it to the end, I'm glad",0,2026-03-09T01:39:53.735323+00:00,,0,,0,2026-03-17T22:00:50.481658
UgwY4XslrAb1BAn4lEp4AaABAg,xwLrHUwGtJM,@mr.hace-jnr,,this is one of my favorites so far,0,2026-03-09T01:39:53.735280+00:00,,0,,0,2026-03-17T22:00:50.477504
Ugwv9zCDO_mN4uDJWjl4AaABAg,xwLrHUwGtJM,@Karina-l4l1d,,"Am here again 
Remember Ama Burland is on crime dela crime amazing listening to her.
Second time listening to her pod, first was Q&A with Gishela",0,2026-03-09T01:39:53.735220+00:00,,0,,0,2026-03-17T22:00:50.471863
Ugxi6MIkHUpgsW6Y4op4AaABAg,xwLrHUwGtJM,@20n30somethings,,"I love the diversity of the guests, this podcast definitely invites the youth to the table.",0,2026-03-09T01:39:52.852481+00:00,,0,,0,2026-03-17T22:00:50.468604
Ugz7cEqJALPP-SzBoFN4AaABAg,xwLrHUwGtJM,@Dovita_Organics,,Her energy is incredible 😍,0,2026-03-09T01:39:52.852462+00:00,,0,,0,2026-03-17T22:00:50.467498
Ugwke8Z_Vtg-j7ysd4l4AaABAg,xwLrHUwGtJM,@blessingyeboah2179,,"I love the goal behind the podcast, this is amazing. Very inspiring and motivating",1,2026-03-09T01:39:52.123919+00:00,,0,,0,2026-03-17T22:00:50.458122
UgwZvT9GSaNAZt3cnh54AaABAg,xwLrHUwGtJM,@jabulanisena6288,,"I wish i received such advice long time ago. 
I have done several businesses and i failed and i stopped all efforts to start another",1,2026-03-09T01:39:52.123876+00:00,,0,,0,2026-03-17T22:00:50.455713
UgwuaBC0WNALVRTH5mN4AaABAg,xwLrHUwGtJM,@PurpleChamelionX,,This girl! This interview! Wow!,1,2026-03-09T01:39:51.486738+00:00,,0,,0,2026-03-17T22:00:50.437226
Ugx0fZvlyMLmyj7FhfB4AaABAg,xwLrHUwGtJM,@yaakumah3790,,"Faceless😩❤️……That book was and is still one of my favorite books..Even the style of writing by Ama Aidoo is so good.


Konnected minds please bring Kwatemaa Andoh aka Mrs. Bediako",3,2026-03-09T01:39:51.486694+00:00,,0,,0,2026-03-17T22:00:50.434001
UgxYKND_c3HrAa1cVLB4AaABAg,xwLrHUwGtJM,@BoniMultimediatv,,I got to know her through her interview with headless YouTuber and since then instant love ❤❤,2,2026-03-09T01:39:50.832564+00:00,,0,,0,2026-03-17T22:00:50.418834
UgyTzzqpSRqZgq70pqN4AaABAg,xwLrHUwGtJM,@priscillasowah4743,,"Girl, I  must say I'm so proud I watched this video. My whole perception about you changed Ama. You are so full of wisdom. Thank you for your message.
Derrick, I have given you a SUBSCRIBE okay?",5,2026-03-09T01:39:50.832525+00:00,,0,,0,2026-03-17T22:00:50.416762
Ugx0sjMI86MYhrbCZwB4AaABAg,xwLrHUwGtJM,@Winis_World,,"This interview was exactly what I expected it to be... brilliant! Ama has such a vibrant energy, and a wise head on her shoulders. I also loved how she ended up interviewing Derrick at the end 😂😂",6,2026-03-09T01:39:50.832462+00:00,,0,,0,2026-03-17T22:00:50.404811
Ugz9hcOmXok84PIJODl4AaABAg,xwLrHUwGtJM,@feliciaaddo-djan5191,,"I read Literature in SHS too and the book ""Faceless"" was the eye opener for me that got me thinking about the sad reality of the average Ghanaian's struggle for survival",9,2026-03-09T01:39:50.214718+00:00,,0,,0,2026-03-17T22:00:50.398348
UgykY2_RTyy3F5MccoB4AaABAg,xwLrHUwGtJM,@berthyKpiebaya,,"Derrick I highly recommend Juliana Amoateng on your podcast since you mentioned you plan to talk to more young to inspire women ❤
I enjoyed the conversation, Princess is very intelligent ❤",81,2026-03-09T01:39:50.214544+00:00,,0,,0,2026-03-17T22:00:50.391577
UgxbfXtkY9Z6vJQnwZR4AaABAg,xwLrHUwGtJM,@_srmg_,,“Life is like a movie and I’m one of the main characters so things will always go well for me”. Wow,92,2026-03-09T01:39:50.214520+00:00,,0,,0,2026-03-17T22:00:50.390692
UgzKSyojXA6IjpJ5dfp4AaABAg,xwLrHUwGtJM,@NanaAkuaMireku,,Wooow ama burp and is a whole mood I would love to meet her one day,0,2026-03-08T01:39:58.860538+00:00,,0,,0,2026-03-17T22:00:50.561520
UgzUAg1zgrmnM86F1sV4AaABAg,xwLrHUwGtJM,@Ells_Empire,,Just need the push oo …the ideas are big 😢😢…I don’t know I had the feeling to watch to the end …amazing podcast .✅✅🔥was worth it ..kudos Ama 😊,1,2026-03-08T01:39:58.860433+00:00,,0,,0,2026-03-17T22:00:50.561000
Ugy4SVjHaekCVBNQGXl4AaABAg,xwLrHUwGtJM,@BrinylDzamesi-Tome,,Please add me to the girls,0,2026-03-08T01:39:58.858429+00:00,,0,,0,2026-03-17T22:00:50.557099
UgzCAnI1EAaCOJhbpep4AaABAg,xwLrHUwGtJM,@CS_CHILD,,😭why didn't you hold her hand till she stood up naw,0,2026-03-08T01:39:58.858425+00:00,,0,,0,2026-03-17T22:00:50.556595
UgyO6qgmcVt8lSlqC4d4AaABAg,xwLrHUwGtJM,@Henry-h4p5y,,Step siblings are half siblings,0,2026-03-08T01:39:58.858421+00:00,,0,,0,2026-03-17T22:00:50.556000
UgyGc4X4oW3vGpC2tLV4AaABAg,xwLrHUwGtJM,@Kwabenatrustee1,,"Create that content and put it there cus someone is watching, m’afa me deɛ 🤝🤝🤝",5,2026-03-08T01:39:58.858412+00:00,,0,,0,2026-03-17T22:00:50.554844
UgyVvBeJJkrOdUUspSd4AaABAg,xwLrHUwGtJM,@RATTYBALLERBOYz,,19:26 “I’M ALSO LIKE HER”,0,2026-03-08T01:39:58.858399+00:00,,0,,0,2026-03-17T22:00:50.553545
UgzXDnc7j6L6XS8gEg94AaABAg,xwLrHUwGtJM,@NoraMawuenaAdjaku,,I made it,0,2026-03-08T01:39:58.858394+00:00,,0,,0,2026-03-17T22:00:50.553067
Ugwn73qY_iF6bnRq6TF4AaABAg,xwLrHUwGtJM,@user-ee2qq4hp3z,,"It's a shame that she'd rather do ""a day in my life"". It's a consequence of how our culture places more impact on visibility and evidence of ""success"", as opposed to intellectual brilliance and impact.",0,2026-03-08T01:39:58.185800+00:00,,0,,0,2026-03-17T22:00:50.551514
UgxoBCz74Ck4we6njMJ4AaABAg,xwLrHUwGtJM,@RabiatuIddrisu-yz6uw,,Please how do I reach out to you in joining the lone Ted house,0,2026-03-08T01:39:58.185645+00:00,,0,,0,2026-03-17T22:00:50.548306
UgznMqu81YMc8ZSdAdp4AaABAg,xwLrHUwGtJM,@zee_mahmoud,,❤️👏👏👏,1,2026-03-08T01:39:58.185549+00:00,,0,,0,2026-03-17T22:00:50.544952
UgwO7FXMx_lczzscLXx4AaABAg,xwLrHUwGtJM,@kingsleyamoah7021,,I read Faceless in SHS,0,2026-03-08T01:39:58.185535+00:00,,0,,0,2026-03-17T22:00:50.544448
Ugx3GxH8F1F8z8I-LPV4AaABAg,xwLrHUwGtJM,@michaelagyemang7472,,😍😍😍😍😍,0,2026-03-08T01:39:58.185524+00:00,,0,,0,2026-03-17T22:00:50.544079
UgxQZJUCpdXNjVH-Rpl4AaABAg,xwLrHUwGtJM,@Joycelyn_Acquah,,BIGGEST BURLAND 🎉,1,2026-03-08T01:39:58.185409+00:00,,0,,0,2026-03-17T22:00:50.541157
UgwDvtBYPDWL9kPzhqZ4AaABAg,xwLrHUwGtJM,@abenataylor7923,,I think they look good together ❤💜🤭,0,2026-03-08T01:39:57.467795+00:00,,0,,0,2026-03-17T22:00:50.539350
UgwM_olC_UoP7brtukB4AaABAg,xwLrHUwGtJM,@naadzormorkotey2742,,I just love ❤️ Princess and everything about her,0,2026-03-08T01:39:57.467787+00:00,,0,,0,2026-03-17T22:00:50.537738
Ugx7bY-Kh_p2KLR41ip4AaABAg,xwLrHUwGtJM,@AJ-genius1,,I’m going to be on ur platform sooner,0,2026-03-08T01:39:57.467769+00:00,,0,,0,2026-03-17T22:00:50.535946
UgxeAgKP9j7KAvb1tCJ4AaABAg,xwLrHUwGtJM,@JohnAnokye-sh6xt,,"Sound is 🔝 
Camera quality is 🔝 
She's gorgeous as well, so the bullies can go to hell. 
I like her mentality of making the most out of the years she stays relevant because she realizes that she won't have this spotlight forever.
Derrick and money 😅...l love you mæn. 
Overall good show.",6,2026-03-08T01:39:57.467759+00:00,,0,,0,2026-03-17T22:00:50.536308
UgzWHfHoqtqAIFUMwjl4AaABAg,xwLrHUwGtJM,@kellyal-son7743,,"I made it to the end that’s interesting 
First time here😊",0,2026-03-08T01:39:57.467746+00:00,,0,,0,2026-03-17T22:00:50.535573
UgzBZ_xp5mKhyyEZS_N4AaABAg,xwLrHUwGtJM,@kellyal-son7743,,"I made it to the end that’s interesting 
First time here😊",0,2026-03-08T01:39:57.467737+00:00,,0,,0,2026-03-17T22:00:50.533869
UgzvZUBIHzDqsCpAmQl4AaABAg,xwLrHUwGtJM,@AbrahamKwabena2,,Powerful,0,2026-03-08T01:39:57.467704+00:00,,0,,0,2026-03-17T22:00:50.531259
UgyOoqOJwpd399O8mYl4AaABAg,xwLrHUwGtJM,@AkotoJosephine1,,I made it to the end 😊😊,0,2026-03-08T01:39:57.467506+00:00,,0,,0,2026-03-17T22:00:50.527849
UgwKrH7a42sOT6nZT9F4AaABAg,xwLrHUwGtJM,@e.4_Enock,,"❤❤❤loved everything, especially the starting 0:39",0,2026-03-08T01:39:57.467489+00:00,,0,,0,2026-03-17T22:00:50.526514
Ugyx82Q5hy0Icm8nNIR4AaABAg,xwLrHUwGtJM,@wilikashilongo3273,,This is highly motivating ❤❤❤,0,2026-03-08T01:39:57.467414+00:00,,0,,0,2026-03-17T22:00:50.526032
UgzlPTSymMj78VZGXkh4AaABAg,xwLrHUwGtJM,@ammahdynnah,,I made it to the end,1,2026-03-08T01:39:57.467394+00:00,,0,,0,2026-03-17T22:00:50.523847
UgwOUhWcENU2s6Rr7fd4AaABAg,xwLrHUwGtJM,@daniellafosu9778,,"I love Ama so much ❤
She is intelligent, beautiful and a very smart lady❤
She has inspired me alot❤",0,2026-03-08T01:39:57.467382+00:00,,0,,0,2026-03-17T22:00:50.525006
UgxfGn0xk6YFYU770ud4AaABAg,xwLrHUwGtJM,@LadyAii,,"i want to learn from Ama Burland, please add me to those girls you want to help. Thank you for the podcast",1,2026-03-08T01:39:57.467321+00:00,,0,,0,2026-03-17T22:00:50.521702
UgzKoR0rLXvnM6Y4j-F4AaABAg,xwLrHUwGtJM,@DeborahMeyer-s8k,,AMa really likes Sark🥰😊,0,2026-03-08T01:39:56.852101+00:00,,0,,0,2026-03-17T22:00:50.540653
Ugy2ieIjAi_e2g-3PSF4AaABAg,xwLrHUwGtJM,@vivianawatthenshaw3918,,"Ama is very Real.
I made it to the end",0,2026-03-08T01:39:56.852098+00:00,,0,,0,2026-03-17T22:00:50.527206
UgyJQ48o0zMsr54Fo6J4AaABAg,xwLrHUwGtJM,@Oceanvibes-m6b,,I always and will make it the end of any video on this channel 🎉❤,0,2026-03-08T01:39:56.852095+00:00,,0,,0,2026-03-17T22:00:50.535086
Ugyz8uwLs-lhbf2P-3l4AaABAg,xwLrHUwGtJM,@naadzormorkotey2742,,I would also make it to your studio one day,0,2026-03-08T01:39:56.852087+00:00,,0,,0,2026-03-17T22:00:50.537326
UgzoxUekYhyTfcLuUEp4AaABAg,xwLrHUwGtJM,@CS_CHILD,,She was honest with her talks 🙏🤝🙏😪.,0,2026-03-08T01:39:56.852078+00:00,,0,,0,2026-03-17T22:00:50.532450
UgwZdU3-I7mMiqR1H5Z4AaABAg,xwLrHUwGtJM,@phanie5575,,"I love the last part 😂...Konnected mind kindly add that special segment to your podcast. Thus an unconventional thinking segment, it will be fun😊",0,2026-03-08T01:39:56.852071+00:00,,0,,0,2026-03-17T22:00:50.525516
UgzoJdSpwxa2vaArMxp4AaABAg,xwLrHUwGtJM,@OdisikaKwabenaAmankwah,,The Gospel must be preach Derrick ❤❤❤I I'm present today too,0,2026-03-08T01:39:56.852064+00:00,,0,,0,2026-03-17T22:00:50.529451
Ugz0qV_lAa6fIhYk-814AaABAg,xwLrHUwGtJM,@Ms.sakhies_thedesigner,,I made it to the end❤❤,0,2026-03-08T01:39:56.284816+00:00,,0,,0,2026-03-17T22:00:50.519563
UgwkzSjRkbtHGmSBQw54AaABAg,xwLrHUwGtJM,@mensahtheophilus3131,,i really enjoyed this podcast...she is very intelligent,0,2026-03-08T01:39:56.284806+00:00,,0,,0,2026-03-17T22:00:50.519068
UgzoO4m3LU_RmLFKV254AaABAg,xwLrHUwGtJM,@AkotoJosephine1,,Wow very educative episode 😊😊🥰.,0,2026-03-08T01:39:56.284784+00:00,,0,,0,2026-03-17T22:00:50.518167
Ugwxc5dGYIu20aCXA0l4AaABAg,xwLrHUwGtJM,@LifeMadeByRadw,,This popped up in my YouTube recommendations. It was great listening to the perspective of a young Ghanaian woman in business - found some moments quite relatable being an entrepreneur as well. Ps: loved the way the interviewer now became the interviewee towards the end 😂,1,2026-03-08T01:39:56.284739+00:00,,0,,0,2026-03-17T22:00:50.516563
UgzWc-zyKBiYM9XX_Qh4AaABAg,xwLrHUwGtJM,@thedhinelle,,I love this so much❤,0,2026-03-08T01:39:56.284705+00:00,,0,,0,2026-03-17T22:00:50.515261
UgxLma-ku2NdyafRQKV4AaABAg,xwLrHUwGtJM,@EdwardGligah,,"This is an amazing piece filled with so much wise words… funny too😂
Enjoyed every second of it.",0,2026-03-08T01:39:56.284621+00:00,,0,,0,2026-03-17T22:00:50.512238
UgwThpg33tTOjGaVm294AaABAg,xwLrHUwGtJM,@pakuamoah11,,"I made it to the end.
Nice interview; I picked a thing or two.",0,2026-03-08T01:39:56.284593+00:00,,0,,0,2026-03-17T22:00:50.511890
Ugwku0lRpO7wyPVuo5t4AaABAg,xwLrHUwGtJM,@oliviaamfo-swanzy7667,,19:37 Beautiful analogy❤,0,2026-03-08T01:39:55.685019+00:00,,0,,0,2026-03-17T22:00:50.511194
UgwbTqFnPWvPUcD0HgB4AaABAg,xwLrHUwGtJM,@amuchristiana8407,,Very Brilliant ❤❤🫡,1,2026-03-08T01:39:55.685011+00:00,,0,,0,2026-03-17T22:00:50.510838
Ugw0JZdD3no-cWwHzgZ4AaABAg,xwLrHUwGtJM,@pearlagyekum6806,,Insightful,1,2026-03-08T01:39:55.684984+00:00,,0,,0,2026-03-17T22:00:50.509530
UgzBkFUQP9CIb2xT4sB4AaABAg,xwLrHUwGtJM,@bizzyklu9639,,this is inspiring,1,2026-03-08T01:39:55.684966+00:00,,0,,0,2026-03-17T22:00:50.508624
Ugw-lXnyPZLisKJ4TxB4AaABAg,xwLrHUwGtJM,@ReginaAsantewaaOfosuhene,,so much insight,0,2026-03-08T01:39:55.684941+00:00,,0,,0,2026-03-17T22:00:50.506995
UgxFviqZevtDrNvRyY14AaABAg,xwLrHUwGtJM,@Godslove-f2k,,This is much……..like ….wow 😊,1,2026-03-08T01:39:55.684932+00:00,,0,,0,2026-03-17T22:00:50.506392
Ugxn4bwtrGtjT1BeV8B4AaABAg,xwLrHUwGtJM,@MarthaArmah-Kessey,,"Kudos
What a lovely interview.
Great answers Ama",0,2026-03-08T01:39:55.023719+00:00,,0,,0,2026-03-17T22:00:50.501927
UgyPn9OAEZIKKbKq_Zt4AaABAg,xwLrHUwGtJM,@faustinaarthur4883,,"The much-awaited episode for me. Love it, love it, love it.

Vry insightful informative and entertaining as well. Great to see how she turned the table to interview you st the end. ❤❤❤❤❤",0,2026-03-08T01:39:55.023696+00:00,,0,,0,2026-03-17T22:00:50.501390
Ugy_SWDnjBDngSg-Kad4AaABAg,xwLrHUwGtJM,@Ohemaaanakwa,,"I love this podcast; Ama has really opened my eyes to a lot of things. Derrick, I need you to be my mentor.",0,2026-03-08T01:39:55.023675+00:00,,0,,0,2026-03-17T22:00:50.501015
Ugwgz6cBVfVkcpw9TvZ4AaABAg,xwLrHUwGtJM,@AbenaNuamahAppiah,,Amazing Amazing episode ❤️ ❤,0,2026-03-08T01:39:55.023651+00:00,,0,,0,2026-03-17T22:00:50.498358
UgxmNAX93jNPcJskc5J4AaABAg,xwLrHUwGtJM,@margaretmankosaansah4986,,I really enjoyed this podcast and I have learnt a lot. Thank you for this❤,0,2026-03-08T01:39:55.023641+00:00,,0,,0,2026-03-17T22:00:50.500268
UgyqaR8N9NBlhn0s6QV4AaABAg,xwLrHUwGtJM,@charitymansah4018,,"Wow, I have never enjoyed a long interview as this, thanks for the insight 👍",0,2026-03-08T01:39:55.023620+00:00,,0,,0,2026-03-17T22:00:50.498840
UgzWWlGNJMJMmP1NTzx4AaABAg,xwLrHUwGtJM,@Maabenadadzie8481,,🎉🎉🎉 I loved every single part of it 🎉🎉🎉,0,2026-03-08T01:39:55.023597+00:00,,0,,0,2026-03-17T22:00:50.497794
UgwRvkEz2LA9HlPh2814AaABAg,xwLrHUwGtJM,@PapaKing-dd2nu,,I made it to the end😊 thank you AMA❤,0,2026-03-08T01:39:55.023588+00:00,,0,,0,2026-03-17T22:00:50.496220
UgwYEAPAUmbEhsjR13V4AaABAg,xwLrHUwGtJM,@obedasamoah8908,,"Nana Aba session brought me to this channel, this session got me subscribing. I love to see women doing well for themselves",0,2026-03-08T01:39:55.023578+00:00,,0,,0,2026-03-17T22:00:50.497251
UgyO1Tu6O1_BuAXI24x4AaABAg,xwLrHUwGtJM,@AyishetuMohammed-d9x,,"I really enjoyed the podcast and I have given you a follow I wish and hope you will bring great women to inspire us 
God bless you for this opportunity Mr Derrick",1,2026-03-08T01:39:55.023551+00:00,,0,,0,2026-03-17T22:00:50.494587
UgySN3tk-AT8riXdNKl4AaABAg,xwLrHUwGtJM,@nanaesiyeboahdadzie4643,,She is indeed a lively and relatable personality. I was interested to listen to the whole converstion,0,2026-03-08T01:39:55.023519+00:00,,0,,0,2026-03-17T22:00:50.495713
UgyFYKIu3XlJv_ZaRLl4AaABAg,xwLrHUwGtJM,@Ms_Coker,,I love this convo❤,0,2026-03-08T01:39:54.404896+00:00,,0,,0,2026-03-17T22:00:50.489610
UgwNxs0PvbtGOgCyVzt4AaABAg,xwLrHUwGtJM,@MikOPolo-ed,,made it. great episode,0,2026-03-08T01:39:54.404886+00:00,,0,,0,2026-03-17T22:00:50.489071
UgzSjApqxOdCdybunMZ4AaABAg,xwLrHUwGtJM,@ZakiaKunge1,,"Princess is such a light 💡 she gives good energy, good vibes and overall positivity 💫",0,2026-03-08T01:39:54.404854+00:00,,0,,0,2026-03-17T22:00:50.487601
UgyWOhNe8exs0t8fdpt4AaABAg,xwLrHUwGtJM,@nora_annor,,"How do I like this post a million times??? Thank you so much Derrick. Thank you so much, Ama Burland for sharing your knowledge. This is very rare to come by. Thank you for your openness and honesty",0,2026-03-08T01:39:54.404790+00:00,,0,,0,2026-03-17T22:00:50.484974
Ugwa3ujvFRLIALYQ_H14AaABAg,xwLrHUwGtJM,@Xxbliss,,I love this interview so much,0,2026-03-08T01:39:54.404779+00:00,,0,,0,2026-03-17T22:00:50.484601
Ugx1JIMSaV4-g_o15zl4AaABAg,xwLrHUwGtJM,@ebodadson9265,,Loved this interview soo much,0,2026-03-08T01:39:53.735318+00:00,,0,,0,2026-03-17T22:00:50.480948
Ugx9fVdjgouWiaRrkMp4AaABAg,xwLrHUwGtJM,@elodiepamazi5244,,She is full of life and funny … Princess  is was she think. she is very thoughtful lady . Another great interview ❤ we love it as usual 👍🏼. Thanks Derick,1,2026-03-08T01:39:53.735299+00:00,,0,,0,2026-03-17T22:00:50.479209
UgwuyWRWdq989Vs2BjF4AaABAg,xwLrHUwGtJM,@RoseAmankwaah-l9l,,"Princess burland really inspires me a lot and because of that I watched this to the end. God bless you for having her on your show, I really needed this🥰",1,2026-03-08T01:39:53.735257+00:00,,0,,0,2026-03-17T22:00:50.475350
UgwlPcETZrgmVjqx4mF4AaABAg,xwLrHUwGtJM,@naadzormorkotey2742,,23:12 money solves a lot of things,1,2026-03-08T01:39:53.735239+00:00,,0,,0,2026-03-17T22:00:50.473562
Ugyc9-XM3gLGNb8-XMt4AaABAg,xwLrHUwGtJM,@JohnAnokye-sh6xt,,So I think we should have a Part 2 of this show. And it should be able Derrick being the guest and Ms Burland being the Host.,0,2026-03-08T01:39:53.735232+00:00,,0,,0,2026-03-17T22:00:50.472904
UgzRixr7ULUQn8lGCDN4AaABAg,xwLrHUwGtJM,@annordeborah2984,,"This is a very good podcast, I have been thinking so much about what to do with the little I’m earning, but the thought of failing at a business prevents me from doing it. Watching this podcast has really changed my mindset. Thank you Derek 
I look forward to having you as my mentor.",2,2026-03-08T01:39:52.852453+00:00,,0,,0,2026-03-17T22:00:50.467073
UgzibWsIOzO9K0wHWNx4AaABAg,xwLrHUwGtJM,@edwardamoako,,"This podcast is wealth it. If you are here in 2026 with me, we are blessed ooo ❤",25,2026-03-08T01:39:52.852366+00:00,,0,,0,2026-03-17T22:00:50.462711
Ugyh9dH3_P1Ju9EdKQt4AaABAg,xwLrHUwGtJM,@amaserwaa5498,,"You are doing a great Job Derrick 👏. I like Ama’s personality, the way she thinks reflects in her everyday life and also in business. That enthusiasm within her I believe drives everything. Keep shining Ama ❤️",1,2026-03-08T01:39:52.123893+00:00,,0,,0,2026-03-17T22:00:50.457519
UgxTTZqQC6xGXMpWrYB4AaABAg,xwLrHUwGtJM,@QuamzBlogz,,Best interview ever🎉❤😊i admire Ama Burland so much she's so brilliant😊,2,2026-03-08T01:39:52.123851+00:00,,0,,0,2026-03-17T22:00:50.455128
UgzQIB1oGIw8qij5C354AaABAg,xwLrHUwGtJM,@AliceNarweh,,I made it to the end as always . Kudos Ama for your inspiration. The champion DERICK I salute you,2,2026-03-08T01:39:52.123771+00:00,,0,,0,2026-03-17T22:00:50.442988
Ugzfvh75g0Cj62Gzi3l4AaABAg,xwLrHUwGtJM,@gh_blaqsoap2846,,"The waiting till one can afford 3X the cost of something is an advice that should be directed to the state/the government (of GH). The average person (who eventually becomes politicians) should also have that awareness at the back of their mind. We tend to think the state (coffers) is an institution to exploit and make money from as opposed to the other way around. They embark on projects (most often with funds borrowed from the IMF) mainly for the procurement contract ""benefit"", without maintenance arrangements in place. The state has to be wealthier to be able to protect its citizens. I watched a video reel sometime back and listened to Kwame Nkrumah's speech during the inauguration ceremony of the Akosombo dam. That speech literally was the beginning of his end! He spoke from both sides of his mouth even as representatives of Kaiser Aluminum (an American company that had funded the dam) were in attendance. America got rid of him (thru the C IA) to ""protect"" an American company's investment.",1,2026-03-08T01:39:52.123759+00:00,,0,,0,2026-03-17T22:00:50.444602
UgwO7oqb9Nh-q55SZ0J4AaABAg,xwLrHUwGtJM,@RahanatAhmed,,Ama is such an amazing person I really like listening to her she has that burning Aura love her so much 💋❤️,3,2026-03-08T01:39:51.486634+00:00,,0,,0,2026-03-17T22:00:50.430147
UgyLr2TtjwtlSIRljwN4AaABAg,xwLrHUwGtJM,@TheSereneLuxe,,Watching this podcast while using diya hair growth oil. She's such an inspiration.,3,2026-03-08T01:39:51.486552+00:00,,0,,0,2026-03-17T22:00:50.420778
Ugx5sw01dtMDAs9Vzgp4AaABAg,xwLrHUwGtJM,@JenniferTeye-ty1mp,,"I watch every episode, but with this, I can't hold back my comment it's wow❤",3,2026-03-08T01:39:50.832556+00:00,,0,,0,2026-03-17T22:00:50.418334
Ugz6mvkyJQ7FP23It914AaABAg,xwLrHUwGtJM,@serenity8551,,''concentrate on why someone wants the cup and get your money up'' bars barsssss,3,2026-03-08T01:39:50.832533+00:00,,0,,0,2026-03-17T22:00:50.413516
Ugz60RI4974EWkViVbF4AaABAg,xwLrHUwGtJM,@esenamdeborah,,"I love this. I just hope for those who are from “hard” homes, it doesn’t entirely shape your view of life and that of your children in a bad way. 
And cheers to everyone finding their foot. Keep believing in you, be tough and let nothing bring you down. You’re at the top ❤",3,2026-03-08T01:39:50.832509+00:00,,0,,0,2026-03-17T22:00:50.411766
UgyMBQd9yb-9JS24rGt4AaABAg,xwLrHUwGtJM,@ErnestinaOwusua-jd1sb,,"I feel so excited and sometimes relieved whenever I watch your show with great men and women such as this learned lady . I am just not inspired , but as you Said  it has digested hope into my Spain , for me to believe in myself , study,work and also fail as it is all part of the journey . Thank you for bringing hope back into our lives and rekindling the light in us. God bless you .",5,2026-03-08T01:39:50.832487+00:00,,0,,0,2026-03-17T22:00:50.410098
UgyQCgZEcE7RNIAkKcR4AaABAg,xwLrHUwGtJM,@SimpleJherph,,Ama Burland always carries a different vibe😂. This is why i love her so much❤🤣.,6,2026-03-08T01:39:50.832479+00:00,,0,,0,2026-03-17T22:00:50.406269
UgynXwH-KQAdBBI5s2h4AaABAg,xwLrHUwGtJM,@filouwgrey,,"Her story is really inspiring, i like her self confidence. I guess i wasn’t the only one who laughed throughout the conversation and didn’t wanted it to end",7,2026-03-08T01:39:50.832438+00:00,,0,,0,2026-03-17T22:00:50.402113
UgyIeLkzv5SBm-U80gx4AaABAg,xwLrHUwGtJM,@adjo4518,,"Your parents other children are your half siblings not your step siblings,step siblings are children your step parents (step mum or step dad) had before marrying your parent.",13,2026-03-08T01:39:50.214728+00:00,,0,,0,2026-03-17T22:00:50.400944
UgwwwuFz9dRv4Wchh1V4AaABAg,xwLrHUwGtJM,@francesaanderson4870,,"Someone should tell this girl,she is intelligent and wise🥰",9,2026-03-08T01:39:50.214707+00:00,,0,,0,2026-03-17T22:00:50.397810
UgzQeNI-tXbdpCKQi-V4AaABAg,xwLrHUwGtJM,@akosua_adu_boahemaa,,"Video editor you are excellent at your work and I admire it .

Can I be your student?
I want to learn your skill.

Thank you konnected mind ❤ for  giving us the best always .",22,2026-03-08T01:39:50.214687+00:00,,0,,0,2026-03-17T22:00:50.398799
UgwUa8AFq5-mtBVfEaF4AaABAg,xwLrHUwGtJM,@reginaldcobbina,,Not me smiling throughout the conversation 😭❤️,28,2026-03-08T01:39:50.214621+00:00,,0,,0,2026-03-17T22:00:50.394419
UgwBXuIfumdeFzigf3t4AaABAg,xwLrHUwGtJM,@emmanuelkoranteng894,,"That thing she said that life is a movie and she's part of the main characters and she believes everything would go well for her, I believe is the game changer. That feeling of belief that everything would go well.",27,2026-03-08T01:39:50.214558+00:00,,0,,0,2026-03-17T22:00:50.392868
UgymV_rzv7L7ftyu2kN4AaABAg,xwLrHUwGtJM,@ianhlomador,,Amazing conversation!,3,2026-03-07T01:39:58.860054+00:00,,0,,0,2026-03-17T22:00:50.557520
UgyMqyd5CU3deeLG7K94AaABAg,xwLrHUwGtJM,@tl.asyelle,,finaalllyyyyyy,0,2026-03-07T01:39:58.858388+00:00,,0,,0,2026-03-17T22:00:50.552519
UgwOiA7a5zO8YAaqTs94AaABAg,xwLrHUwGtJM,@gloriaadjei2333,,You’re so real..Just continue being you🎉🎉,7,2026-03-07T01:39:58.858367+00:00,,0,,0,2026-03-17T22:00:50.551142
UgzYOlW5vE63MLTZgSF4AaABAg,xwLrHUwGtJM,@ireneamekudzi4095,,Faceless 😂😂 wow. It’s really a lot,2,2026-03-07T01:39:58.185787+00:00,,0,,0,2026-03-17T22:00:50.550381
Ugx6Plda7dZl7lxVOjB4AaABAg,xwLrHUwGtJM,@Jenjensa_studios,,"The punch to the lawyers though, I hope it does not come back to hunt her...Lol...because she would definitely need their services at a point being someone who owns businesses. Good content though.",2,2026-03-07T01:39:58.185768+00:00,,0,,0,2026-03-17T22:00:50.549981
Ugz8GcKUJzoQptx75YV4AaABAg,xwLrHUwGtJM,@_loislarbi,,Rushed here 😍,7,2026-03-07T01:39:58.185729+00:00,,0,,0,2026-03-17T22:00:50.549412
UgycqeBn2AFaGpbMk_14AaABAg,xwLrHUwGtJM,@AngelimaAmoako,,❤❤❤❤🎉,0,2026-03-07T01:39:58.185621+00:00,,0,,0,2026-03-17T22:00:50.547404
UgzchIzKjV6bOF4vn3h4AaABAg,xwLrHUwGtJM,@bigmama5048,,AS FOR THIS NIGERIANS ARE AHEAD OF GH THE AMOUNT OF MONEY BEING MADE IT MINDBLOWING,3,2026-03-07T01:39:58.185589+00:00,,0,,0,2026-03-17T22:00:50.546813
UgxLuVYgvbSPtHcVrlR4AaABAg,xwLrHUwGtJM,@euniceafrifa3486,,❤❤❤,0,2026-03-07T01:39:58.185561+00:00,,0,,0,2026-03-17T22:00:50.545783
Ugzs_tFYpITL6DOdWil4AaABAg,xwLrHUwGtJM,@mercymensah7584,,"Hi am Efae and I have the resources 
I need the an advice on how to push my business forward",1,2026-03-07T01:39:58.185485+00:00,,0,,0,2026-03-17T22:00:50.542553
UgyTNtV6R1OJX9UwxJZ4AaABAg,xwLrHUwGtJM,@wondertsigbey,,❤❤❤,4,2026-03-07T01:39:58.185465+00:00,,0,,0,2026-03-17T22:00:50.542122
UgwQipBRlaif44QM-ah4AaABAg,xwLrHUwGtJM,@Eunice-q4c7p,,She's so smart...like,0,2026-03-07T01:39:57.467778+00:00,,0,,0,2026-03-17T22:00:50.536779
Ugxm080QCz8mF0dJoxF4AaABAg,xwLrHUwGtJM,@octaviaamoabeng4738,,I made it to the end 🎉,0,2026-03-07T01:39:57.467717+00:00,,0,,0,2026-03-17T22:00:50.533290
Ugw2ZLi-rybNmr9Y1hN4AaABAg,xwLrHUwGtJM,@protectivehairstyles_lifestyle,,I love this,0,2026-03-07T01:39:57.467673+00:00,,0,,0,2026-03-17T22:00:50.530090
UgyU0uWHrlgkRz-bH8J4AaABAg,xwLrHUwGtJM,@EsegbeAble,,I really enjoyed this interview. I'll be on this platform one day,0,2026-03-07T01:39:57.467370+00:00,,0,,0,2026-03-17T22:00:50.523073
UgwPeypsvt6kTNFFBIV4AaABAg,xwLrHUwGtJM,@GraceFidel,,Please interview BEfitting GHANA is a fashion brand ❤,0,2026-03-07T01:39:56.852090+00:00,,0,,0,2026-03-17T22:00:50.539771
Ugz3oGHvNfiDcScETfR4AaABAg,xwLrHUwGtJM,@adomaserwaa572,,"1:16:38 I read faceless in jhs, it was for a friend and I had to buy one for myself for keeps",0,2026-03-07T01:39:56.852084+00:00,,0,,0,2026-03-17T22:00:50.538942
Ugz4Y83P0WTkuziLr5N4AaABAg,xwLrHUwGtJM,@harddark569,,@23:01 the word is LIBERATING. I pray everyone gets money,1,2026-03-07T01:39:56.852068+00:00,,0,,0,2026-03-17T22:00:50.538125
Ugx2ckt-weoPLcm9DCF4AaABAg,xwLrHUwGtJM,@Eunice-q4c7p,,I made it to the end 🥹😭🥹,1,2026-03-07T01:39:56.852057+00:00,,0,,0,2026-03-17T22:00:50.522336
UgzAOfvVQrgliBJQtpJ4AaABAg,xwLrHUwGtJM,@CelestinaTetteh-n9l,,Princess would always find a way to make you laugh 😂,14,2026-03-07T01:39:56.852037+00:00,,0,,0,2026-03-17T22:00:50.545371
Ugwws72YaNNRd3pRQ-94AaABAg,xwLrHUwGtJM,@Franchescaasamoah3046,,Very intelligent free spirit girl ❤. Her personality is so beautiful ❤,7,2026-03-07T01:39:56.852031+00:00,,0,,0,2026-03-17T22:00:50.550752
Ugw_U8MUT2ZZzQhxK4x4AaABAg,xwLrHUwGtJM,@dr.tonybrown,,I don’t get tired watching  konnected minds ngl 🫂,3,2026-03-07T01:39:56.851996+00:00,,0,,0,2026-03-17T22:00:50.520504
UgxRRVzHGu93V0tVgud4AaABAg,xwLrHUwGtJM,@celestinabaidoo6914,,I made it to the end!,0,2026-03-07T01:39:56.284839+00:00,,0,,0,2026-03-17T22:00:50.520012
Ugx_9FKYMfHH-0Mxv014AaABAg,xwLrHUwGtJM,@lumorbortey7306,,"Ama, you are really a nice person",1,2026-03-07T01:39:56.284796+00:00,,0,,0,2026-03-17T22:00:50.518698
UgwgLwuUluxWAxmLtxR4AaABAg,xwLrHUwGtJM,@DorisBayor-h2u,,"I made it to end🎉, this was insightful.",0,2026-03-07T01:39:56.284774+00:00,,0,,0,2026-03-17T22:00:50.517787
Ugzau3rMg6PRnRp32nl4AaABAg,xwLrHUwGtJM,@EstherOpokuYeboah-r8c,,Mind-blowing ❤❤❤,1,2026-03-07T01:39:56.284764+00:00,,0,,0,2026-03-17T22:00:50.517292
UgyK03cFUtXWlnLh1kF4AaABAg,xwLrHUwGtJM,@nextgeninvesting-b8q,,Made it to the end very interesting conversation 🎉,1,2026-03-07T01:39:56.284751+00:00,,0,,0,2026-03-17T22:00:50.516911
UgxZz4wVxZCWK8AmhMx4AaABAg,xwLrHUwGtJM,@GeorginaOwusuaAmoako,,I really enjoyed this conversation ☺️.,0,2026-03-07T01:39:56.284727+00:00,,0,,0,2026-03-17T22:00:50.516202
Ugxeh_c2HHTNL0lbGRh4AaABAg,xwLrHUwGtJM,@EmmanuellaKonaduAsare,,The Queen is finally on here! Love it❤,7,2026-03-07T01:39:56.284681+00:00,,0,,0,2026-03-17T22:00:50.514410
UgzZa6vB2oBPd7CeOFl4AaABAg,xwLrHUwGtJM,@akuamoafoah,,Amazing conversation,1,2026-03-07T01:39:56.284656+00:00,,0,,0,2026-03-17T22:00:50.513397
UgwoSE2Lid3_6XfZ_094AaABAg,xwLrHUwGtJM,@Joewusseh,,It’s a conversation not an interview… don’t get it wrong. If no u no go enjoy am.,2,2026-03-07T01:39:55.685002+00:00,,0,,0,2026-03-17T22:00:50.510395
UgwLqe4Jg1fnedULk0x4AaABAg,xwLrHUwGtJM,@EstherOpokuYeboah-r8c,,I made it to the end,2,2026-03-07T01:39:55.684975+00:00,,0,,0,2026-03-17T22:00:50.509014
UgwLm1jBRC6-D_qi4pV4AaABAg,xwLrHUwGtJM,@MESSIAH-t3y,,I LOVE HER SO MUCH😂,2,2026-03-07T01:39:55.684913+00:00,,0,,0,2026-03-17T22:00:50.505564
UgxkQXiu3tBJ4n_3mWx4AaABAg,xwLrHUwGtJM,@millicentyaru1946,,I love this episode,1,2026-03-07T01:39:55.023666+00:00,,0,,0,2026-03-17T22:00:50.499885
UgwYM_0CdhsU_VY67qB4AaABAg,xwLrHUwGtJM,@osmanhuseinatu4919,,"Another lovely interview, she did great 😌 ❤",1,2026-03-07T01:39:55.023537+00:00,,0,,0,2026-03-17T22:00:50.496621
Ugx8tt9C843osoe3rsR4AaABAg,xwLrHUwGtJM,@mimijanet2122,,"I made it to the end 
I must say it has changed a lot in mind. Thank you Mr. Derrick and Ama burland",1,2026-03-07T01:39:54.404929+00:00,,0,,0,2026-03-17T22:00:50.491400
Ugwe9Efjs5U0BnzQlSl4AaABAg,xwLrHUwGtJM,@JenniferAmoadzah,,This is so impactful,1,2026-03-07T01:39:54.404908+00:00,,0,,0,2026-03-17T22:00:50.490058
UgxG0ZXlG395yhTP9Nx4AaABAg,xwLrHUwGtJM,@khadijahkhalidgh,,❤️❤️a very good episode..,1,2026-03-07T01:39:54.404830+00:00,,0,,0,2026-03-17T22:00:50.486676
UgzSvzdt5KhA50ycXW14AaABAg,xwLrHUwGtJM,@AhatorAbenaSelikem,,"The ads part would be good , i typically bought some clothes since last year trying my best but im not selling but i haven’t lost hope. I keep on listen to this podcast till i make it and i have the hope that i will be great and come for an interview on your podcast one day and give my testimony that i am or i was a child or student of konnected mind podcast",2,2026-03-07T01:39:54.404805+00:00,,0,,0,2026-03-17T22:00:50.485765
UgyGgrTHVxKFm3tTvUB4AaABAg,xwLrHUwGtJM,@nynakb,,Made it to the end ! This was so inspiring!,2,2026-03-07T01:39:54.404679+00:00,,0,,0,2026-03-17T22:00:50.483279
Ugwi1fdZLN-WY5Wh19R4AaABAg,xwLrHUwGtJM,@MariyTalksBusiness,,Because it’s Ama burland 😂😂 I love it❤,3,2026-03-07T01:39:53.735312+00:00,,0,,0,2026-03-17T22:00:50.480284
UgzrEia1fysGhjZz6tx4AaABAg,xwLrHUwGtJM,@mihwakim96,,Ready for the nuggets about to be shared 👌🏼,3,2026-03-07T01:39:53.735306+00:00,,0,,0,2026-03-17T22:00:50.479797
UgxfsnKZeR6Kp45RZKh4AaABAg,xwLrHUwGtJM,@AmarteyUzziahna,,And I made it to the end as well🤭,3,2026-03-07T01:39:53.735274+00:00,,0,,0,2026-03-17T22:00:50.476541
Ugw2YSDYSnIoTI_DcGl4AaABAg,xwLrHUwGtJM,@HannahOdei-Kissi,,Been waiting,3,2026-03-07T01:39:53.735214+00:00,,0,,0,2026-03-17T22:00:50.471418
Ugxid1gs36Y77cFJ7uV4AaABAg,xwLrHUwGtJM,@euniceafrifa3486,,Huh! I made it to the end. Such an amazing conversation right there. Maturity at it peak ❤,1,2026-03-07T01:39:53.735204+00:00,,0,,0,2026-03-17T22:00:50.471021
Ugz__iVp9mfIFY0kBb54AaABAg,xwLrHUwGtJM,@sefah-b.7892,,I've been waiting for this podcast for weeks mernn😭😂 it's finally here🎉,2,2026-03-07T01:39:52.852353+00:00,,0,,0,2026-03-17T22:00:50.462267
UgwkScb_Ly7_dNRe3Q94AaABAg,xwLrHUwGtJM,@nickietarh,,Very insightful😊👌🏻. I'm glad I made it to the end.,3,2026-03-07T01:39:52.852312+00:00,,0,,0,2026-03-17T22:00:50.460653
Ugx-Ookta6Vbjs1YGgV4AaABAg,xwLrHUwGtJM,@TracieAbbey,,Definitely made it to the end,5,2026-03-07T01:39:52.123902+00:00,,0,,0,2026-03-17T22:00:50.458832
Ugz4Hzhff-SP8oA5OP14AaABAg,xwLrHUwGtJM,@kingsleyamoah7021,,You can't hate Ama Burland😅,9,2026-03-07T01:39:52.123841+00:00,,0,,0,2026-03-17T22:00:50.448087
UgyCsirdiXQoer-G-jl4AaABAg,xwLrHUwGtJM,@kpabiregina7025,,And she’s absolutely right with her insights!,3,2026-03-07T01:39:52.123812+00:00,,0,,0,2026-03-17T22:00:50.445231
Ugzd7Xd5UTtuQFDHrEN4AaABAg,xwLrHUwGtJM,@charlotte_apefa,,"I just knew this episode was going to eat downnnn, and yes, I made it to the end.” 😌🔥",3,2026-03-07T01:39:52.123728+00:00,,0,,0,2026-03-17T22:00:50.440388
UgyWw6cY1rqtGEVOLZR4AaABAg,xwLrHUwGtJM,@hildakay,,Here from Instagram🥰🥰,6,2026-03-07T01:39:52.123686+00:00,,0,,0,2026-03-17T22:00:50.439120
UgycGktZ2JtX22ox4JR4AaABAg,xwLrHUwGtJM,@ucukaoma4551,,The business awareness of this young lady is esoteric!!,2,2026-03-07T01:39:51.486751+00:00,,0,,0,2026-03-17T22:00:50.437674
UgwnXJVOkPF3AvcMTh94AaABAg,xwLrHUwGtJM,@yaagrace1060,,BURLANDDD 🎉❤❤. The best podcast ever!!,9,2026-03-07T01:39:51.486671+00:00,,0,,0,2026-03-17T22:00:50.433023
UgzSMqKZU8GmAhFpQaB4AaABAg,xwLrHUwGtJM,@the_misspee,,She shared alots❤,6,2026-03-07T01:39:51.486646+00:00,,0,,0,2026-03-17T22:00:50.431730
UgwLJES-zvqEBfUoZ_14AaABAg,xwLrHUwGtJM,@samuellayeboah5975,,"Very inspired❤❤
I will one day be on this podcast",4,2026-03-07T01:39:51.486592+00:00,,0,,0,2026-03-17T22:00:50.422505
Ugz1yFVq4JtOzJfoGtB4AaABAg,xwLrHUwGtJM,@nanahemaa8993,,"Oh my God, You don’t know what this interview has done for me ❤ thank you very much for this 
I REALLY LOVE YOU AMA❤",5,2026-03-07T01:39:51.486567+00:00,,0,,0,2026-03-17T22:00:50.421433
UgzQnZWONjbAImDY6sV4AaABAg,xwLrHUwGtJM,@kasujjahadijah5326,,Woow I hv enjoyed this podcast. From uganda 🇺🇬,7,2026-03-07T01:39:51.486486+00:00,,0,,0,2026-03-17T22:00:50.419724
Ugwe-VMiBzSqzupionJ4AaABAg,xwLrHUwGtJM,@hannahhabibatanya6614,,"OMG…I love Princess so much ❤❤❤
I’ve learnt a lot from this podcast, very educative!!!",8,2026-03-07T01:39:50.832549+00:00,,0,,0,2026-03-17T22:00:50.417784
UgyC-WKn09hWa5sdCFN4AaABAg,xwLrHUwGtJM,@eileenyemoteley,,Ama Burland is right. Faceless is one of the best Books I’ve read💛,9,2026-03-07T01:39:50.832517+00:00,,0,,0,2026-03-17T22:00:50.412533
UgwKrf7R_vQ6PKeo6914AaABAg,xwLrHUwGtJM,@maameserwahdonkor,,She's full of life and intelligent.I appreciate that she was open and as a Millennial who dislikes cameras i'm actually inspired.This was a fun and informative interview to watch.,4,2026-03-07T01:39:50.832502+00:00,,0,,0,2026-03-17T22:00:50.410675
UgwLcHj95X8lgvpCwMl4AaABAg,xwLrHUwGtJM,@YIF.Agency_Lisa,,😂😂 everything about this lady is a vibe!! My favorite gen z 😂😂,12,2026-03-07T01:39:50.832471+00:00,,0,,0,2026-03-17T22:00:50.409046
UgxAtbx8UkO2lIvdkR54AaABAg,xwLrHUwGtJM,@Tunderahman,,kudos to the editor... wow,37,2026-03-07T01:39:50.832446+00:00,,0,,0,2026-03-17T22:00:50.402638
Ugyx7dsSz__9SoDMmAJ4AaABAg,xwLrHUwGtJM,@harunasdairy,,The long awaited episode,28,2026-03-07T01:39:50.832428+00:00,,0,,0,2026-03-17T22:00:50.397253
UgwqEZWZgfVRoZEW19t4AaABAg,xwLrHUwGtJM,@_ririi,,😔free ads especially for young students in businesses that would really help all the same this was very inspiring to watch ngl,7,2026-03-07T01:39:50.832352+00:00,,0,,0,2026-03-17T22:00:50.399973
UgwRtwSjP9YUcIZRfCZ4AaABAg,xwLrHUwGtJM,@TalesbyKayy,,I am gonna be on here one day......I must say I am wowed with the plans you have for ghana as a whole. May we all be great!!,13,2026-03-07T01:39:50.214750+00:00,,0,,0,2026-03-17T22:00:50.399425
UgzfO3WRSkcjfrX52Kt4AaABAg,xwLrHUwGtJM,@HarrietAgyei-u8x,,the interviewer is being interviewed 🤣🤣🤣,86,2026-03-07T01:39:50.214740+00:00,,0,,0,2026-03-17T22:00:50.396424
Ugy7I3lVpdLSpepaHjV4AaABAg,xwLrHUwGtJM,@Kayb-f2l,,"They are not your step siblings, they are your half siblings.",54,2026-03-07T01:39:50.214697+00:00,,0,,0,2026-03-17T22:00:50.400451
Ugx1RghVyM4OHcabxbV4AaABAg,xwLrHUwGtJM,@edwinagyekyemensah1555,,"Just when I opened YouTube and seeing Ama’s face, I just smiled and listened through and made it to the end. Loved every bit. 
A free Ad can really help small business owners like myself.",18,2026-03-07T01:39:50.214677+00:00,,0,,0,2026-03-17T22:00:50.396841
UgxrTxYLUlzbQwSNTLN4AaABAg,xwLrHUwGtJM,@lilyagyemang6955,,"I think Ama blew up one because she’s beautiful, funny and intelligent . She took advantage of everything good she has and built on it . Also the kind of mindset she has is as a results of the home she’s coming from and her upbringing. She has a likeable personality although at first I find her off abit when she was rude on Twitter but now I have come to understand her better . And Derrick I haven’t seen you laugh and smiled a lot in any of your discussions with a guest like you did with Ama 😊 . I guess you’re a big fan of her as well 😅",47,2026-03-07T01:39:50.214655+00:00,,0,,0,2026-03-17T22:00:50.395282
UgxlsgZfRiHCYzaSRSh4AaABAg,xwLrHUwGtJM,@PreciousPatsu-f8z1b,,"And SHE spoke right to my soul, I'm inspired ❤",34,2026-03-07T01:39:50.214632+00:00,,0,,0,2026-03-17T22:00:50.395683
UgzC_Km_QtkKCyFGLeV4AaABAg,xwLrHUwGtJM,@EUNIQ77,,"Next year by this time I know you will interview me as well,kudos to Ama",54,2026-03-07T01:39:50.214609+00:00,,0,,0,2026-03-17T22:00:50.393983
UgwDjjQoMEtmBAn82Sd4AaABAg,xwLrHUwGtJM,@adomaserwaa572,,It feels like Diary of a CEO Ghana version,142,2026-03-07T01:39:50.214583+00:00,,0,,0,2026-03-17T22:00:50.392262
UgwST-wouz5qgX_rNwp4AaABAg,xwLrHUwGtJM,@LadyTeee,,"Princess is so intellectual. How she shared that she studied psychology and has noticed that people open up to her a lot, even Derrick did when he shared a childhood story lol and I don’t think he even noticed😅. I respect her hustle and confidence. Her parents must be proud of how well she’s doing. She inspires me. 
Side note- as she said, her real name is not Ama so I guess she might have preferred to be called Princess throughout the interview. Love from London❤❤❤.",175,2026-03-07T01:39:50.214468+00:00,,0,,0,2026-03-17T22:00:50.388478
